-- DUMMY DATA: created with AI using my placeholder INSERT statements
-- and randomisation specs

INSERT INTO countries (name) VALUES ('Afghanistan');
INSERT INTO countries (name) VALUES ('Albania');
INSERT INTO countries (name) VALUES ('Algeria');
INSERT INTO countries (name) VALUES ('Andorra');
INSERT INTO countries (name) VALUES ('Angola');
INSERT INTO countries (name) VALUES ('Antigua and Barbuda');
INSERT INTO countries (name) VALUES ('Argentina');
INSERT INTO countries (name) VALUES ('Armenia');
INSERT INTO countries (name) VALUES ('Australia');
INSERT INTO countries (name) VALUES ('Austria');
INSERT INTO countries (name) VALUES ('Azerbaijan');
INSERT INTO countries (name) VALUES ('Bahamas');
INSERT INTO countries (name) VALUES ('Bahrain');
INSERT INTO countries (name) VALUES ('Bangladesh');
INSERT INTO countries (name) VALUES ('Barbados');
INSERT INTO countries (name) VALUES ('Belarus');
INSERT INTO countries (name) VALUES ('Belgium');
INSERT INTO countries (name) VALUES ('Belize');
INSERT INTO countries (name) VALUES ('Benin');
INSERT INTO countries (name) VALUES ('Bhutan');
INSERT INTO countries (name) VALUES ('Bolivia');
INSERT INTO countries (name) VALUES ('Bosnia and Herzegovina');
INSERT INTO countries (name) VALUES ('Botswana');
INSERT INTO countries (name) VALUES ('Brazil');
INSERT INTO countries (name) VALUES ('Brunei');
INSERT INTO countries (name) VALUES ('Bulgaria');
INSERT INTO countries (name) VALUES ('Burkina Faso');
INSERT INTO countries (name) VALUES ('Burundi');
INSERT INTO countries (name) VALUES ('Cabo Verde');
INSERT INTO countries (name) VALUES ('Cambodia');
INSERT INTO countries (name) VALUES ('Cameroon');
INSERT INTO countries (name) VALUES ('Canada');
INSERT INTO countries (name) VALUES ('Central African Republic');
INSERT INTO countries (name) VALUES ('Chad');
INSERT INTO countries (name) VALUES ('Chile');
INSERT INTO countries (name) VALUES ('China');
INSERT INTO countries (name) VALUES ('Colombia');
INSERT INTO countries (name) VALUES ('Comoros');
INSERT INTO countries (name) VALUES ('Congo');
INSERT INTO countries (name) VALUES ('Costa Rica');
INSERT INTO countries (name) VALUES ('Croatia');
INSERT INTO countries (name) VALUES ('Cuba');
INSERT INTO countries (name) VALUES ('Cyprus');
INSERT INTO countries (name) VALUES ('Czech Republic');
INSERT INTO countries (name) VALUES ('Democratic Republic of the Congo');
INSERT INTO countries (name) VALUES ('Denmark');
INSERT INTO countries (name) VALUES ('Djibouti');
INSERT INTO countries (name) VALUES ('Dominica');
INSERT INTO countries (name) VALUES ('Dominican Republic');
INSERT INTO countries (name) VALUES ('East Timor');
INSERT INTO countries (name) VALUES ('Ecuador');
INSERT INTO countries (name) VALUES ('Egypt');
INSERT INTO countries (name) VALUES ('El Salvador');
INSERT INTO countries (name) VALUES ('Equatorial Guinea');
INSERT INTO countries (name) VALUES ('Eritrea');
INSERT INTO countries (name) VALUES ('Estonia');
INSERT INTO countries (name) VALUES ('Eswatini');
INSERT INTO countries (name) VALUES ('Ethiopia');
INSERT INTO countries (name) VALUES ('Fiji');
INSERT INTO countries (name) VALUES ('Finland');
INSERT INTO countries (name) VALUES ('France');
INSERT INTO countries (name) VALUES ('Gabon');
INSERT INTO countries (name) VALUES ('Gambia');
INSERT INTO countries (name) VALUES ('Georgia');
INSERT INTO countries (name) VALUES ('Germany');
INSERT INTO countries (name) VALUES ('Ghana');
INSERT INTO countries (name) VALUES ('Greece');
INSERT INTO countries (name) VALUES ('Grenada');
INSERT INTO countries (name) VALUES ('Guatemala');
INSERT INTO countries (name) VALUES ('Guinea');
INSERT INTO countries (name) VALUES ('Guinea-Bissau');
INSERT INTO countries (name) VALUES ('Guyana');
INSERT INTO countries (name) VALUES ('Haiti');
INSERT INTO countries (name) VALUES ('Honduras');
INSERT INTO countries (name) VALUES ('Hungary');
INSERT INTO countries (name) VALUES ('Iceland');
INSERT INTO countries (name) VALUES ('India');
INSERT INTO countries (name) VALUES ('Indonesia');
INSERT INTO countries (name) VALUES ('Iran');
INSERT INTO countries (name) VALUES ('Iraq');
INSERT INTO countries (name) VALUES ('Ireland');
INSERT INTO countries (name) VALUES ('Israel');
INSERT INTO countries (name) VALUES ('Italy');
INSERT INTO countries (name) VALUES ('Ivory Coast');
INSERT INTO countries (name) VALUES ('Jamaica');
INSERT INTO countries (name) VALUES ('Japan');
INSERT INTO countries (name) VALUES ('Jordan');
INSERT INTO countries (name) VALUES ('Kazakhstan');
INSERT INTO countries (name) VALUES ('Kenya');
INSERT INTO countries (name) VALUES ('Kiribati');
INSERT INTO countries (name) VALUES ('Kuwait');
INSERT INTO countries (name) VALUES ('Kyrgyzstan');
INSERT INTO countries (name) VALUES ('Laos');
INSERT INTO countries (name) VALUES ('Latvia');
INSERT INTO countries (name) VALUES ('Lebanon');
INSERT INTO countries (name) VALUES ('Lesotho');
INSERT INTO countries (name) VALUES ('Liberia');
INSERT INTO countries (name) VALUES ('Libya');
INSERT INTO countries (name) VALUES ('Liechtenstein');
INSERT INTO countries (name) VALUES ('Lithuania');
INSERT INTO countries (name) VALUES ('Luxembourg');
INSERT INTO countries (name) VALUES ('Madagascar');
INSERT INTO countries (name) VALUES ('Malawi');
INSERT INTO countries (name) VALUES ('Malaysia');
INSERT INTO countries (name) VALUES ('Maldives');
INSERT INTO countries (name) VALUES ('Mali');
INSERT INTO countries (name) VALUES ('Malta');
INSERT INTO countries (name) VALUES ('Marshall Islands');
INSERT INTO countries (name) VALUES ('Mauritania');
INSERT INTO countries (name) VALUES ('Mauritius');
INSERT INTO countries (name) VALUES ('Mexico');
INSERT INTO countries (name) VALUES ('Micronesia');
INSERT INTO countries (name) VALUES ('Moldova');
INSERT INTO countries (name) VALUES ('Monaco');
INSERT INTO countries (name) VALUES ('Mongolia');
INSERT INTO countries (name) VALUES ('Montenegro');
INSERT INTO countries (name) VALUES ('Morocco');
INSERT INTO countries (name) VALUES ('Mozambique');
INSERT INTO countries (name) VALUES ('Myanmar');
INSERT INTO countries (name) VALUES ('Namibia');
INSERT INTO countries (name) VALUES ('Nauru');
INSERT INTO countries (name) VALUES ('Nepal');
INSERT INTO countries (name) VALUES ('Netherlands');
INSERT INTO countries (name) VALUES ('New Zealand');
INSERT INTO countries (name) VALUES ('Nicaragua');
INSERT INTO countries (name) VALUES ('Niger');
INSERT INTO countries (name) VALUES ('Nigeria');
INSERT INTO countries (name) VALUES ('North Korea');
INSERT INTO countries (name) VALUES ('North Macedonia');
INSERT INTO countries (name) VALUES ('Norway');
INSERT INTO countries (name) VALUES ('Oman');
INSERT INTO countries (name) VALUES ('Pakistan');
INSERT INTO countries (name) VALUES ('Palau');
INSERT INTO countries (name) VALUES ('Palestine');
INSERT INTO countries (name) VALUES ('Panama');
INSERT INTO countries (name) VALUES ('Papua New Guinea');
INSERT INTO countries (name) VALUES ('Paraguay');
INSERT INTO countries (name) VALUES ('Peru');
INSERT INTO countries (name) VALUES ('Philippines');
INSERT INTO countries (name) VALUES ('Poland');
INSERT INTO countries (name) VALUES ('Portugal');
INSERT INTO countries (name) VALUES ('Qatar');
INSERT INTO countries (name) VALUES ('Romania');
INSERT INTO countries (name) VALUES ('Russia');
INSERT INTO countries (name) VALUES ('Rwanda');
INSERT INTO countries (name) VALUES ('Saint Kitts and Nevis');
INSERT INTO countries (name) VALUES ('Saint Lucia');
INSERT INTO countries (name) VALUES ('Saint Vincent and the Grenadines');
INSERT INTO countries (name) VALUES ('Samoa');
INSERT INTO countries (name) VALUES ('San Marino');
INSERT INTO countries (name) VALUES ('Sao Tome and Principe');
INSERT INTO countries (name) VALUES ('Saudi Arabia');
INSERT INTO countries (name) VALUES ('Senegal');
INSERT INTO countries (name) VALUES ('Serbia');
INSERT INTO countries (name) VALUES ('Seychelles');
INSERT INTO countries (name) VALUES ('Sierra Leone');
INSERT INTO countries (name) VALUES ('Singapore');
INSERT INTO countries (name) VALUES ('Slovakia');
INSERT INTO countries (name) VALUES ('Slovenia');
INSERT INTO countries (name) VALUES ('Solomon Islands');
INSERT INTO countries (name) VALUES ('Somalia');
INSERT INTO countries (name) VALUES ('South Africa');
INSERT INTO countries (name) VALUES ('South Korea');
INSERT INTO countries (name) VALUES ('South Sudan');
INSERT INTO countries (name) VALUES ('Spain');
INSERT INTO countries (name) VALUES ('Sri Lanka');
INSERT INTO countries (name) VALUES ('Sudan');
INSERT INTO countries (name) VALUES ('Suriname');
INSERT INTO countries (name) VALUES ('Sweden');
INSERT INTO countries (name) VALUES ('Switzerland');
INSERT INTO countries (name) VALUES ('Syria');
INSERT INTO countries (name) VALUES ('Taiwan');
INSERT INTO countries (name) VALUES ('Tajikistan');
INSERT INTO countries (name) VALUES ('Tanzania');
INSERT INTO countries (name) VALUES ('Thailand');
INSERT INTO countries (name) VALUES ('Togo');
INSERT INTO countries (name) VALUES ('Tonga');
INSERT INTO countries (name) VALUES ('Trinidad and Tobago');
INSERT INTO countries (name) VALUES ('Tunisia');
INSERT INTO countries (name) VALUES ('Turkey');
INSERT INTO countries (name) VALUES ('Turkmenistan');
INSERT INTO countries (name) VALUES ('Tuvalu');
INSERT INTO countries (name) VALUES ('Uganda');
INSERT INTO countries (name) VALUES ('Ukraine');
INSERT INTO countries (name) VALUES ('United Arab Emirates');
INSERT INTO countries (name) VALUES ('United Kingdom');
INSERT INTO countries (name) VALUES ('United States');
INSERT INTO countries (name) VALUES ('Uruguay');
INSERT INTO countries (name) VALUES ('Uzbekistan');
INSERT INTO countries (name) VALUES ('Vanuatu');
INSERT INTO countries (name) VALUES ('Vatican City');
INSERT INTO countries (name) VALUES ('Venezuela');
INSERT INTO countries (name) VALUES ('Vietnam');
INSERT INTO countries (name) VALUES ('Yemen');
INSERT INTO countries (name) VALUES ('Zambia');
INSERT INTO countries (name) VALUES ('Zimbabwe');

INSERT INTO players (id, firstname, lastname, country) VALUES
                                                           ('PLAYER001', 'Lionel', 'Messi', 1),
                                                           ('PLAYER002', 'Cristiano', 'Ronaldo', 2),
                                                           ('PLAYER003', 'Kylian', 'Mbappé', 3),
                                                           ('PLAYER004', 'Kevin', 'De Bruyne', 4),
                                                           ('PLAYER005', 'Robert', 'Lewandowski', 5),
                                                           ('PLAYER006', 'Virgil', 'van Dijk', 6),
                                                           ('PLAYER007', 'Harry', 'Kane', 7),
                                                           ('PLAYER008', 'Luka', 'Modrić', 8),
                                                           ('PLAYER009', 'Karim', 'Benzema', 3),
                                                           ('PLAYER010', 'Mohamed', 'Salah', 9),
                                                           ('PLAYER011', 'Erling', 'Haaland', 10),
                                                           ('PLAYER012', 'Manuel', 'Neuer', 11),
                                                           ('PLAYER013', 'Joshua', 'Kimmich', 11),
                                                           ('PLAYER014', 'Neymar', 'Jr', 12),
                                                           ('PLAYER015', 'Jan', 'Oblak', 13),
                                                           ('PLAYER016', 'Gianluigi', 'Donnarumma', 14),
                                                           ('PLAYER017', 'Marco', 'Verratti', 14),
                                                           ('PLAYER018', 'Rúben', 'Dias', 2),
                                                           ('PLAYER019', 'Bernardo', 'Silva', 2),
                                                           ('PLAYER020', 'Pedri', 'González', 15),
                                                           ('PLAYER021', 'Gavi', 'Páez', 15),
                                                           ('PLAYER022', 'Thibaut', 'Courtois', 4),
                                                           ('PLAYER023', 'Romelu', 'Lukaku', 4),
                                                           ('PLAYER024', 'Federico', 'Chiesa', 14),
                                                           ('PLAYER025', 'Phil', 'Foden', 7),
                                                           ('PLAYER026', 'Mason', 'Mount', 7),
                                                           ('PLAYER027', 'Jack', 'Grealish', 7),
                                                           ('PLAYER028', 'Bruno', 'Fernandes', 2),
                                                           ('PLAYER029', 'João', 'Cancelo', 2),
                                                           ('PLAYER030', 'Antonio', 'Rüdiger', 11),
                                                           ('PLAYER031', 'Leon', 'Goretzka', 11),
                                                           ('PLAYER032', 'Thomas', 'Müller', 11),
                                                           ('PLAYER033', 'Serge', 'Gnabry', 11),
                                                           ('PLAYER034', 'Leroy', 'Sané', 11),
                                                           ('PLAYER035', 'Achraf', 'Hakimi', 16),
                                                           ('PLAYER036', 'Sadio', 'Mané', 17),
                                                           ('PLAYER037', 'Ederson', 'Santos', 12),
                                                           ('PLAYER038', 'Alisson', 'Becker', 12),
                                                           ('PLAYER039', 'Casemiro', 'Silva', 12),
                                                           ('PLAYER040', 'Vinícius', 'Júnior', 12),
                                                           ('PLAYER041', 'Rodrygo', 'Silva', 12),
                                                           ('PLAYER042', 'Frenkie', 'de Jong', 6),
                                                           ('PLAYER043', 'Matthijs', 'de Ligt', 6),
                                                           ('PLAYER044', 'Memphis', 'Depay', 6),
                                                           ('PLAYER045', 'Martin', 'Ødegaard', 10),
                                                           ('PLAYER046', 'Victor', 'Osimhen', 18),
                                                           ('PLAYER047', 'Kalidou', 'Koulibaly', 17),
                                                           ('PLAYER048', 'Mike', 'Maignan', 3),
                                                           ('PLAYER049', 'Theo', 'Hernández', 3),
                                                           ('PLAYER050', 'Christopher', 'Nkunku', 3);

INSERT INTO teams (id, name, country) VALUES
                                          ('TEAM001', 'Real Madrid', 15),
                                          ('TEAM002', 'FC Barcelona', 15),
                                          ('TEAM003', 'Manchester United', 7),
                                          ('TEAM004', 'Manchester City', 7),
                                          ('TEAM005', 'Liverpool', 7),
                                          ('TEAM006', 'Bayern Munich', 11),
                                          ('TEAM007', 'Borussia Dortmund', 11),
                                          ('TEAM008', 'Paris Saint-Germain', 3),
                                          ('TEAM009', 'Juventus', 14),
                                          ('TEAM010', 'AC Milan', 14),
                                          ('TEAM011', 'Inter Milan', 14),
                                          ('TEAM012', 'Chelsea', 7),
                                          ('TEAM013', 'Arsenal', 7),
                                          ('TEAM014', 'Tottenham Hotspur', 7),
                                          ('TEAM015', 'Atletico Madrid', 15)
;

CREATE TABLE IF NOT EXISTS teams_player (
                                            id BIGSERIAL PRIMARY KEY,
                                            player TEXT,
                                            team TEXT,
                                            CONSTRAINT _player_id FOREIGN KEY (player) REFERENCES players(id),
                                            CONSTRAINT _team_id FOREIGN KEY (team) REFERENCES teams(id)
);

-- Insert team-player associations (each player uniquely assigned to a random team)
INSERT INTO teams_player (player, team) VALUES
    ('PLAYER001', 'TEAM007'),  -- Lionel Messi -> Borussia Dortmund
    ('PLAYER002', 'TEAM012'),  -- Cristiano Ronaldo -> Chelsea
    ('PLAYER003', 'TEAM003'),  -- Kylian Mbappé -> Manchester United
    ('PLAYER004', 'TEAM009'),  -- Kevin De Bruyne -> Juventus
    ('PLAYER005', 'TEAM015'),  -- Robert Lewandowski -> Atletico Madrid
    ('PLAYER006', 'TEAM005'),  -- Virgil van Dijk -> Liverpool
    ('PLAYER007', 'TEAM011'),  -- Harry Kane -> Inter Milan
    ('PLAYER008', 'TEAM008'),  -- Luka Modrić -> Paris Saint-Germain
    ('PLAYER009', 'TEAM014'),  -- Karim Benzema -> Tottenham Hotspur
    ('PLAYER010', 'TEAM006'),  -- Mohamed Salah -> Bayern Munich
    ('PLAYER011', 'TEAM002'),  -- Erling Haaland -> FC Barcelona
    ('PLAYER012', 'TEAM013'),  -- Manuel Neuer -> Arsenal
    ('PLAYER013', 'TEAM004'),  -- Joshua Kimmich -> Manchester City
    ('PLAYER014', 'TEAM010'),  -- Neymar Jr -> AC Milan
    ('PLAYER015', 'TEAM001'),  -- Jan Oblak -> Real Madrid
    ('PLAYER016', 'TEAM007'),  -- Gianluigi Donnarumma -> Borussia Dortmund
    ('PLAYER017', 'TEAM012'),  -- Marco Verratti -> Chelsea
    ('PLAYER018', 'TEAM003'),  -- Rúben Dias -> Manchester United
    ('PLAYER019', 'TEAM009'),  -- Bernardo Silva -> Juventus
    ('PLAYER020', 'TEAM015'),  -- Pedri González -> Atletico Madrid
    ('PLAYER021', 'TEAM005'),  -- Gavi Páez -> Liverpool
    ('PLAYER022', 'TEAM011'),  -- Thibaut Courtois -> Inter Milan
    ('PLAYER023', 'TEAM008'),  -- Romelu Lukaku -> Paris Saint-Germain
    ('PLAYER024', 'TEAM014'),  -- Federico Chiesa -> Tottenham Hotspur
    ('PLAYER025', 'TEAM006'),  -- Phil Foden -> Bayern Munich
    ('PLAYER026', 'TEAM002'),  -- Mason Mount -> FC Barcelona
    ('PLAYER027', 'TEAM013'),  -- Jack Grealish -> Arsenal
    ('PLAYER028', 'TEAM004'),  -- Bruno Fernandes -> Manchester City
    ('PLAYER029', 'TEAM010'),  -- João Cancelo -> AC Milan
    ('PLAYER030', 'TEAM001');  -- Antonio Rüdiger -> Real Madrid

INSERT INTO venues (id, name, country) VALUES
       ('VENUE001', 'Wembley Stadium', 7),
       ('VENUE002', 'Camp Nou', 15),
       ('VENUE003', 'Santiago Bernabéu', 15),
       ('VENUE004', 'Allianz Arena', 11),
       ('VENUE005', 'Old Trafford', 7),
       ('VENUE006', 'San Siro', 14),
       ('VENUE007', 'Stade de France', 3),
       ('VENUE008', 'Maracanã Stadium', 12),
       ('VENUE009', 'Estádio da Luz', 2),
       ('VENUE010', 'Anfield', 7),
       ('VENUE011', 'Stamford Bridge', 7),
       ('VENUE012', 'Emirates Stadium', 7),
       ('VENUE013', 'Signal Iduna Park', 11),
       ('VENUE014', 'Juventus Stadium', 14),
       ('VENUE015', 'Parc des Princes', 3);

INSERT INTO event_categories (name, description) VALUES
     ('Ball Sports', 'Sports involving a ball as the central object'),
     ('Combat Sports', 'Direct physical competition between two opponents'),
     ('Athletics', 'Running, jumping, and throwing disciplines'),
     ('Water Sports', 'Conducted on or in water'),
     ('Winter Sports', 'Performed on snow or ice'),
     ('Motor Sports', 'Involving motorized vehicles'),
     ('Precision and Target Sports', 'Require accuracy and fine motor control'),
     ('Adventure and Extreme Sports', 'High-risk or outdoor endurance activities');

INSERT INTO competition_types (event_type, type) VALUES
     (1, 'players'),  -- Individual sports
     (2, 'teams');    -- Team sports



INSERT INTO event_types (name, event_category, competition_type) VALUES
-- Ball Sports (Category 1)
('Football', 1, 2),
('Basketball', 1, 2),
('Volleyball', 1, 2),
('Tennis', 1, 1),
('Baseball', 1, 2),
('Cricket', 1, 2),
('Golf', 1, 1),
('Rugby', 1, 2),
('Handball', 1, 2),
('Table Tennis', 1, 1),

-- Combat Sports (Category 2)
('Boxing', 2, 1),
('Wrestling', 2, 1),
('Judo', 2, 1),
('Karate', 2, 1),
('Taekwondo', 2, 1),
('Mixed Martial Arts', 2, 1),
('Fencing', 2, 1),

-- Athletics (Category 3)
('Sprinting', 3, 1),
('Long-distance running', 3, 1),
('High jump', 3, 1),
('Long jump', 3, 1),
('Shot put', 3, 1),
('Javelin throw', 3, 1),
('Decathlon', 3, 1),

-- Water Sports (Category 4)
('Swimming', 4, 1),
('Diving', 4, 1),
('Water Polo', 4, 2),
('Surfing', 4, 1),
('Sailing', 4, 1),
('Rowing', 4, 1),
('Canoeing', 4, 1),
('Windsurfing', 4, 1),

-- Winter Sports (Category 5)
('Skiing', 5, 1),
('Snowboarding', 5, 1),
('Ice Hockey', 5, 2),
('Figure Skating', 5, 1),
('Speed Skating', 5, 1),
('Bobsleigh', 5, 1),
('Curling', 5, 2),

-- Motor Sports (Category 6)
('Formula 1', 6, 1),
('MotoGP', 6, 1),
('Rally Racing', 6, 2),
('Karting', 6, 1),
('NASCAR', 6, 1),

-- Precision and Target Sports (Category 7)
('Archery', 7, 1),
('Shooting', 7, 1),
('Darts', 7, 1),
('Bowling', 7, 1),
('Billiards / Snooker', 7, 1),

-- Adventure and Extreme Sports (Category 8)
('Rock Climbing', 8, 1),
('Paragliding', 8, 1),
('Skydiving', 8, 1),
('Skateboarding', 8, 1),
('BMX', 8, 1),
('Mountain Biking', 8, 1);

INSERT INTO events (id, date, created_at, status, event_type, description, venue) VALUES
      ('EVENT001', '2025-01-10 14:30:00+00', '2024-12-01 09:00:00+00', 'FINISHED', 1, 'Premier League: Manchester United vs Liverpool', 'VENUE005'),
      ('EVENT002', '2025-01-15 20:00:00+00', '2024-12-05 10:00:00+00', 'FINISHED', 2, 'NBA Regular Season: Lakers vs Celtics', 'VENUE001'),
      ('EVENT003', '2025-01-22 16:00:00+00', '2024-12-10 11:00:00+00', 'FINISHED', 3, 'International Volleyball Championship Final', 'VENUE006'),
      ('EVENT004', '2025-01-28 19:45:00+00', '2024-12-15 12:00:00+00', 'FINISHED', 4, 'Wimbledon Quarter Finals', 'VENUE001'),
      ('EVENT005', '2025-02-05 13:00:00+00', '2024-12-20 13:00:00+00', 'FINISHED', 5, 'MLB Spring Training Opening Game', 'VENUE009'),
      ('EVENT006', '2025-02-12 10:30:00+00', '2024-12-25 14:00:00+00', 'FINISHED', 6, 'Cricket World Cup Group Stage', 'VENUE008'),
      ('EVENT007', '2025-02-18 15:45:00+00', '2024-12-30 15:00:00+00', 'FINISHED', 7, 'PGA Tour Championship Final Round', 'VENUE003'),
      ('EVENT008', '2025-02-25 18:00:00+00', '2025-01-05 16:00:00+00', 'FINISHED', 8, 'Six Nations Rugby: England vs France', 'VENUE010'),
      ('EVENT009', '2025-03-03 17:30:00+00', '2025-01-10 17:00:00+00', 'FINISHED', 9, 'European Handball Championship Semi-Final', 'VENUE007'),
      ('EVENT010', '2025-03-08 11:00:00+00', '2025-01-15 18:00:00+00', 'FINISHED', 10, 'World Table Tennis Championships', 'VENUE004'),

      ('EVENT011', '2025-03-14 21:00:00+00', '2025-01-20 08:00:00+00', 'FINISHED', 11, 'Heavyweight Boxing Championship', 'VENUE002'),
      ('EVENT012', '2025-03-20 14:00:00+00', '2025-01-25 09:00:00+00', 'FINISHED', 12, 'Olympic Wrestling Qualifiers', 'VENUE005'),
      ('EVENT013', '2025-03-26 16:30:00+00', '2025-02-01 10:00:00+00', 'FINISHED', 13, 'Judo World Masters Final', 'VENUE011'),
      ('EVENT014', '2025-04-02 19:00:00+00', '2025-02-05 11:00:00+00', 'FINISHED', 14, 'Karate World Championship', 'VENUE006'),
      ('EVENT015', '2025-04-09 15:15:00+00', '2025-02-10 12:00:00+00', 'FINISHED', 15, 'Taekwondo Olympic Trials', 'VENUE012'),
      ('EVENT016', '2025-04-15 22:00:00+00', '2025-02-15 13:00:00+00', 'FINISHED', 16, 'UFC Championship Main Event', 'VENUE001'),
      ('EVENT017', '2025-04-22 18:45:00+00', '2025-02-20 14:00:00+00', 'FINISHED', 17, 'Fencing World Cup Final', 'VENUE008'),
      ('EVENT018', '2025-04-29 12:00:00+00', '2025-02-25 15:00:00+00', 'FINISHED', 18, '100m Sprint Diamond League', 'VENUE003'),
      ('EVENT019', '2025-05-05 08:30:00+00', '2025-03-01 16:00:00+00', 'FINISHED', 19, 'Marathon de Paris', 'VENUE007'),
      ('EVENT020', '2025-05-12 17:00:00+00', '2025-03-05 17:00:00+00', 'FINISHED', 20, 'World High Jump Championship', 'VENUE005'),

      ('EVENT021', '2025-05-18 13:20:00+00', '2025-03-10 18:00:00+00', 'FINISHED', 21, 'Long Jump National Finals', 'VENUE009'),
      ('EVENT022', '2025-05-24 16:10:00+00', '2025-03-15 08:00:00+00', 'FINISHED', 22, 'Shot Put World Challenge', 'VENUE013'),
      ('EVENT023', '2025-05-30 14:50:00+00', '2025-03-20 09:00:00+00', 'FINISHED', 23, 'Javelin Throw European Cup', 'VENUE004'),
      ('EVENT024', '2025-06-06 10:00:00+00', '2025-03-25 10:00:00+00', 'FINISHED', 24, 'Decathlon World Championships', 'VENUE002'),
      ('EVENT025', '2025-06-12 09:00:00+00', '2025-04-01 11:00:00+00', 'FINISHED', 25, 'Olympic Swimming Trials 100m Freestyle', 'VENUE015'),
      ('EVENT026', '2025-06-18 20:15:00+00', '2025-04-05 12:00:00+00', 'FINISHED', 26, 'World Diving Championship Platform', 'VENUE007'),
      ('EVENT027', '2025-06-24 19:30:00+00', '2025-04-10 13:00:00+00', 'FINISHED', 27, 'Water Polo Euro League Final', 'VENUE014'),
      ('EVENT028', '2025-06-30 11:45:00+00', '2025-04-15 14:00:00+00', 'FINISHED', 28, 'World Surf League Championship Tour', 'VENUE008'),
      ('EVENT029', '2025-07-05 13:00:00+00', '2025-04-20 15:00:00+00', 'FINISHED', 29, 'America''s Cup Sailing Regatta', 'VENUE001'),
      ('EVENT030', '2025-07-11 15:20:00+00', '2025-04-25 16:00:00+00', 'FINISHED', 30, 'Rowing World Cup Final', 'VENUE010'),

      ('EVENT031', '2025-07-17 16:40:00+00', '2025-05-01 17:00:00+00', 'FINISHED', 31, 'Canoeing Sprint World Championship', 'VENUE011'),
      ('EVENT032', '2025-07-23 12:30:00+00', '2025-05-05 18:00:00+00', 'FINISHED', 32, 'Windsurfing World Series', 'VENUE015'),
      ('EVENT033', '2025-07-29 18:00:00+00', '2025-05-10 08:00:00+00', 'FINISHED', 33, 'Alpine Skiing World Cup', 'VENUE004'),
      ('EVENT034', '2025-08-04 14:15:00+00', '2025-05-15 09:00:00+00', 'FINISHED', 34, 'Snowboarding Halfpipe Finals', 'VENUE006'),
      ('EVENT035', '2025-08-10 21:00:00+00', '2025-05-20 10:00:00+00', 'FINISHED', 35, 'NHL Stanley Cup Final Game 7', 'VENUE002'),
      ('EVENT036', '2025-08-16 19:45:00+00', '2025-05-25 11:00:00+00', 'FINISHED', 36, 'Figure Skating Grand Prix Final', 'VENUE009'),
      ('EVENT037', '2025-08-22 17:30:00+00', '2025-06-01 12:00:00+00', 'FINISHED', 37, 'Speed Skating World Championship', 'VENUE013'),
      ('EVENT038', '2025-08-28 16:00:00+00', '2025-06-05 13:00:00+00', 'FINISHED', 38, 'Bobsleigh World Cup Final', 'VENUE007'),
      ('EVENT039', '2025-09-03 13:45:00+00', '2025-06-10 14:00:00+00', 'FINISHED', 39, 'Curling World Championship', 'VENUE005'),
      ('EVENT040', '2025-09-09 20:30:00+00', '2025-06-15 15:00:00+00', 'FINISHED', 40, 'Formula 1 Monaco Grand Prix', 'VENUE001'),

      ('EVENT041', '2025-09-15 15:00:00+00', '2025-06-20 16:00:00+00', 'FINISHED', 41, 'MotoGP Italian Grand Prix', 'VENUE006'),
      ('EVENT042', '2025-09-21 11:00:00+00', '2025-06-25 17:00:00+00', 'FINISHED', 42, 'World Rally Championship Finland', 'VENUE008'),
      ('EVENT043', '2025-09-27 14:20:00+00', '2025-07-01 18:00:00+00', 'FINISHED', 43, 'Karting World Championship Final', 'VENUE012'),
      ('EVENT044', '2025-10-03 19:00:00+00', '2025-07-05 08:00:00+00', 'FINISHED', 44, 'NASCAR Daytona 500', 'VENUE003'),
      ('EVENT045', '2025-10-08 16:50:00+00', '2025-07-10 09:00:00+00', 'FINISHED', 45, 'Archery World Cup Final', 'VENUE010'),
      ('EVENT046', '2025-10-14 12:15:00+00', '2025-07-15 10:00:00+00', 'FINISHED', 46, 'Olympic Shooting Qualifiers', 'VENUE014'),
      ('EVENT047', '2025-10-20 18:25:00+00', '2025-07-20 11:00:00+00', 'FINISHED', 47, 'World Darts Championship', 'VENUE002'),
      ('EVENT048', '2025-10-26 21:10:00+00', '2025-07-25 12:00:00+00', 'FINISHED', 48, 'Bowling World Tour Finals', 'VENUE009'),
      ('EVENT049', '2025-11-01 17:40:00+00', '2025-08-01 13:00:00+00', 'FINISHED', 49, 'World Snooker Championship', 'VENUE005'),
      ('EVENT050', '2025-11-07 14:05:00+00', '2025-08-05 14:00:00+00', 'FINISHED', 50, 'Rock Climbing World Cup', 'VENUE011'),

      ('EVENT051', '2025-11-13 10:50:00+00', '2025-08-10 15:00:00+00', 'FINISHED', 51, 'Paragliding World Championship', 'VENUE015'),
      ('EVENT052', '2025-11-19 20:20:00+00', '2025-08-15 16:00:00+00', 'FINISHED', 52, 'World Skydiving Competition', 'VENUE007'),
      ('EVENT053', '2025-11-25 13:35:00+00', '2025-08-20 17:00:00+00', 'FINISHED', 53, 'Skateboarding Street League Finals', 'VENUE003'),
      ('EVENT054', '2025-12-01 15:55:00+00', '2025-08-25 18:00:00+00', 'FINISHED', 54, 'BMX World Championship', 'VENUE013'),
      ('EVENT055', '2025-12-07 19:15:00+00', '2025-09-01 08:00:00+00', 'FINISHED', 55, 'Mountain Biking Downhill World Cup', 'VENUE004'),
      ('EVENT056', '2025-01-08 18:00:00+00', '2024-12-28 09:00:00+00', 'FINISHED', 3, 'Volleyball Nations League Final', 'VENUE012'),
      ('EVENT057', '2025-02-14 20:45:00+00', '2025-01-08 10:00:00+00', 'FINISHED', 7, 'The Masters Golf Tournament', 'VENUE001'),
      ('EVENT058', '2025-03-21 14:30:00+00', '2025-02-01 11:00:00+00', 'FINISHED', 12, 'Greco-Roman Wrestling World Cup', 'VENUE008'),
      ('EVENT059', '2025-04-17 16:00:00+00', '2025-02-28 12:00:00+00', 'FINISHED', 19, 'Boston Marathon', 'VENUE010'),
      ('EVENT060', '2025-05-23 11:00:00+00', '2025-03-25 13:00:00+00', 'FINISHED', 25, 'World Aquatics Championship 200m Butterfly', 'VENUE015'),

      ('EVENT061', '2025-06-19 17:30:00+00', '2025-04-20 14:00:00+00', 'FINISHED', 31, 'Whitewater Canoeing World Cup', 'VENUE007'),
      ('EVENT062', '2025-07-25 13:45:00+00', '2025-05-15 15:00:00+00', 'FINISHED', 36, 'Ice Dancing World Championship', 'VENUE002'),
      ('EVENT063', '2025-08-30 20:00:00+00', '2025-06-10 16:00:00+00', 'FINISHED', 41, 'MotoGP British Grand Prix', 'VENUE005'),
      ('EVENT064', '2025-09-26 15:10:00+00', '2025-07-05 17:00:00+00', 'FINISHED', 46, 'Trap Shooting World Final', 'VENUE014'),
      ('EVENT065', '2025-10-22 18:50:00+00', '2025-08-01 18:00:00+00', 'FINISHED', 51, 'Hang Gliding World Series', 'VENUE011'),
      ('EVENT066', '2025-11-28 12:25:00+00', '2025-08-25 08:00:00+00', 'FINISHED', 8, 'Rugby World Cup Semi-Final', 'VENUE003'),
      ('EVENT067', '2025-01-17 19:00:00+00', '2024-12-20 09:30:00+00', 'FINISHED', 14, 'Karate Kumite World Open', 'VENUE009'),
      ('EVENT068', '2025-02-21 21:15:00+00', '2025-01-25 10:30:00+00', 'FINISHED', 22, 'Indoor Shot Put Championship', 'VENUE006'),
      ('EVENT069', '2025-03-29 08:00:00+00', '2025-02-28 11:30:00+00', 'FINISHED', 29, 'Sailing World Championship 49er Class', 'VENUE001'),
      ('EVENT070', '2025-04-25 17:45:00+00', '2025-03-25 12:30:00+00', 'FINISHED', 34, 'Snowboard Cross World Cup', 'VENUE004'),

      ('EVENT071', '2025-05-30 14:00:00+00', '2025-04-20 13:30:00+00', 'FINISHED', 39, 'Mixed Doubles Curling Finals', 'VENUE013'),
      ('EVENT072', '2025-06-26 16:20:00+00', '2025-05-15 14:30:00+00', 'FINISHED', 44, 'NASCAR Talladega Superspeedway', 'VENUE003'),
      ('EVENT073', '2025-07-31 19:35:00+00', '2025-06-10 15:30:00+00', 'FINISHED', 49, 'Snooker UK Championship', 'VENUE005'),
      ('EVENT074', '2025-08-27 11:40:00+00', '2025-07-05 16:30:00+00', 'FINISHED', 54, 'BMX Freestyle Park World Cup', 'VENUE012'),
      ('EVENT075', '2025-09-23 13:55:00+00', '2025-08-01 17:30:00+00', 'FINISHED', 1, 'Champions League Final', 'VENUE001'),
      ('EVENT076', '2025-10-19 20:05:00+00', '2025-08-25 18:30:00+00', 'FINISHED', 17, 'Fencing Épée World Championship', 'VENUE008'),
      ('EVENT077', '2025-11-15 15:25:00+00', '2025-09-20 08:30:00+00', 'FINISHED', 28, 'Big Wave Surfing Challenge', 'VENUE015'),
      ('EVENT078', '2025-12-05 18:15:00+00', '2025-10-15 09:30:00+00', 'LIVE', 6, 'Cricket Test Match Day 3 - England vs Australia', 'VENUE010'),
      ('EVENT079', '2025-12-12 14:40:00+00', '2025-10-25 10:30:00+00', 'LIVE', 13, 'Judo Grand Slam Tokyo', 'VENUE006'),
      ('EVENT080', '2025-12-19 16:50:00+00', '2025-11-05 11:30:00+00', 'LIVE', 21, 'Indoor Long Jump Championship', 'VENUE009'),

      ('EVENT081', '2025-12-26 12:00:00+00', '2025-11-15 12:30:00+00', 'LIVE', 32, 'Windsurfing Speed Competition', 'VENUE007'),
      ('EVENT082', '2025-01-05 19:20:00+00', '2024-12-15 13:30:00+00', 'FINISHED', 9, 'Handball Champions League Final', 'VENUE002'),
      ('EVENT083', '2025-01-25 17:10:00+00', '2025-01-05 14:30:00+00', 'FINISHED', 16, 'MMA Lightweight Championship', 'VENUE011'),
      ('EVENT084', '2025-02-28 13:30:00+00', '2025-01-25 15:30:00+00', 'FINISHED', 24, 'Heptathlon World Indoor Championships', 'VENUE004'),
      ('EVENT085', '2025-03-25 20:40:00+00', '2025-02-20 16:30:00+00', 'FINISHED', 33, 'Cross-Country Skiing World Cup', 'VENUE013'),
      ('EVENT086', '2025-04-20 15:15:00+00', '2025-03-15 17:30:00+00', 'FINISHED', 38, '4-Man Bobsleigh World Championship', 'VENUE007'),
      ('EVENT087', '2025-05-15 11:25:00+00', '2025-04-10 18:30:00+00', 'FINISHED', 43, 'Karting Endurance 24h Race', 'VENUE012'),
      ('EVENT088', '2025-06-10 18:05:00+00', '2025-05-05 08:45:00+00', 'FINISHED', 48, 'Professional Bowlers Association Finals', 'VENUE003'),
      ('EVENT089', '2025-07-05 14:50:00+00', '2025-05-30 09:45:00+00', 'FINISHED', 53, 'Skateboarding Vert Competition', 'VENUE005'),
      ('EVENT090', '2025-08-01 16:30:00+00', '2025-06-25 10:45:00+00', 'FINISHED', 55, 'Enduro Mountain Bike World Series', 'VENUE014'),

      ('EVENT091', '2025-08-28 12:45:00+00', '2025-07-20 11:45:00+00', 'FINISHED', 4, 'Australian Open Tennis Quarter Finals', 'VENUE001'),
      ('EVENT092', '2025-09-24 19:55:00+00', '2025-08-15 12:45:00+00', 'FINISHED', 11, 'Boxing Welterweight Title Fight', 'VENUE002'),
      ('EVENT093', '2025-10-21 17:20:00+00', '2025-09-10 13:45:00+00', 'FINISHED', 18, '400m Hurdles Diamond League', 'VENUE008'),
      ('EVENT094', '2025-11-17 13:10:00+00', '2025-10-05 14:45:00+00', 'FINISHED', 26, 'Synchronized Diving World Cup', 'VENUE015'),
      ('EVENT095', '2025-12-14 20:30:00+00', '2025-10-30 15:45:00+00', 'FUTURE', 37, 'Short Track Speed Skating World Cup', 'VENUE004'),
      ('EVENT096', '2025-12-21 15:40:00+00', '2025-11-20 16:45:00+00', 'FUTURE', 42, 'Rally Sweden - Snow Special Stage', 'VENUE013'),
      ('EVENT097', '2025-12-28 11:50:00+00', '2025-12-10 17:45:00+00', 'FUTURE', 47, 'World Darts Premier League', 'VENUE002'),
      ('EVENT098', '2025-01-12 18:25:00+00', '2024-12-30 18:45:00+00', 'FINISHED', 52, 'Formation Skydiving World Cup', 'VENUE007'),
      ('EVENT099', '2025-02-08 14:35:00+00', '2025-01-20 08:15:00+00', 'FINISHED', 5, 'Baseball World Series Game 5', 'VENUE009'),
      ('EVENT100', '2025-03-17 16:45:00+00', '2025-02-15 09:15:00+00', 'FINISHED', 20, 'High Jump Diamond League Final', 'VENUE003');

-- Football scores (multiple scores per game showing progression)
INSERT INTO scores (id, event, player, team, score, scored_at) VALUES
-- EVENT001: Champions League Quarter Final
('SCORE001', 'EVENT001', 'PLAYER001', 'TEAM001', '1-0', '2025-01-10 20:15:00+00'),
('SCORE002', 'EVENT001', 'PLAYER002', 'TEAM002', '1-1', '2025-01-10 20:32:00+00'),
('SCORE003', 'EVENT001', 'PLAYER001', 'TEAM001', '2-1', '2025-01-10 20:58:00+00'),
('SCORE004', 'EVENT001', 'PLAYER003', 'TEAM002', '2-2', '2025-01-10 21:25:00+00'),
('SCORE005', 'EVENT001', NULL, NULL, 'Final: 2-2', '2025-01-10 21:45:00+00'),

-- EVENT075: Champions League Final
('SCORE006', 'EVENT075', 'PLAYER009', 'TEAM001', '1-0', '2025-09-23 13:55:00+00'),
('SCORE007', 'EVENT075', 'PLAYER010', 'TEAM002', '1-1', '2025-09-23 14:20:00+00'),
('SCORE008', 'EVENT075', 'PLAYER009', 'TEAM001', '2-1', '2025-09-23 14:45:00+00'),
('SCORE009', 'EVENT075', NULL, NULL, 'Final: 2-1', '2025-09-23 15:30:00+00'),

-- Basketball scores (quarter-by-quarter)
('SCORE010', 'EVENT002', NULL, 'TEAM003', 'Q1: 28-24', '2025-01-16 15:12:00+00'),
('SCORE011', 'EVENT002', NULL, 'TEAM004', 'Q2: 52-48', '2025-01-16 15:27:00+00'),
('SCORE012', 'EVENT002', NULL, 'TEAM003', 'Q3: 78-75', '2025-01-16 15:42:00+00'),
('SCORE013', 'EVENT002', NULL, NULL, 'Final: 102-98', '2025-01-16 16:00:00+00'),

-- Tennis scores (set-by-set)
('SCORE014', 'EVENT004', 'PLAYER015', NULL, '1st Set: 6-4', '2025-01-28 19:50:00+00'),
('SCORE015', 'EVENT004', 'PLAYER016', NULL, '2nd Set: 7-5', '2025-01-28 20:15:00+00'),
('SCORE016', 'EVENT004', 'PLAYER015', NULL, '3rd Set: 6-3', '2025-01-28 20:40:00+00'),
('SCORE017', 'EVENT004', NULL, NULL, 'Match: 6-4, 7-5, 6-3', '2025-01-28 21:00:00+00'),

('SCORE018', 'EVENT091', 'PLAYER017', NULL, '1st Set: 7-6', '2025-08-28 12:50:00+00'),
('SCORE019', 'EVENT091', 'PLAYER018', NULL, '2nd Set: 6-2', '2025-08-28 13:15:00+00'),
('SCORE020', 'EVENT091', 'PLAYER017', NULL, '3rd Set: 6-4', '2025-08-28 13:40:00+00'),
('SCORE021', 'EVENT091', NULL, NULL, 'Match: 7-6, 6-2, 6-4', '2025-08-28 14:00:00+00'),

-- Baseball scores (inning-by-inning)
('SCORE022', 'EVENT005', NULL, 'TEAM005', '1st: 1-0', '2025-02-05 13:15:00+00'),
('SCORE023', 'EVENT005', NULL, 'TEAM006', '3rd: 1-1', '2025-02-05 13:45:00+00'),
('SCORE024', 'EVENT005', NULL, 'TEAM005', '6th: 3-1', '2025-02-05 14:20:00+00'),
('SCORE025', 'EVENT005', NULL, NULL, 'Final: 4-2', '2025-02-05 15:00:00+00'),

('SCORE026', 'EVENT099', NULL, 'TEAM007', '3rd: 2-0', '2025-02-08 14:40:00+00'),
('SCORE027', 'EVENT099', NULL, 'TEAM008', '6th: 2-1', '2025-02-08 15:10:00+00'),
('SCORE028', 'EVENT099', NULL, 'TEAM007', '8th: 3-1', '2025-02-08 15:35:00+00'),
('SCORE029', 'EVENT099', NULL, NULL, 'Final: 3-1', '2025-02-08 16:00:00+00'),

-- Cricket scores (over-by-over)
('SCORE030', 'EVENT006', NULL, 'TEAM009', 'Over 10: 45-2', '2025-02-12 10:45:00+00'),
('SCORE031', 'EVENT006', NULL, 'TEAM010', 'Over 20: 92-4', '2025-02-12 11:15:00+00'),
('SCORE032', 'EVENT006', NULL, 'TEAM009', 'Over 30: 156-5', '2025-02-12 11:45:00+00'),
('SCORE033', 'EVENT006', NULL, NULL, 'Final: 245-8 (50 ov)', '2025-02-12 12:30:00+00'),

('SCORE034', 'EVENT078', NULL, 'TEAM011', 'Day 1: 287-6', '2025-12-05 18:30:00+00'),
('SCORE035', 'EVENT078', NULL, 'TEAM012', 'Day 2: 512-9 dec', '2025-12-06 18:30:00+00'),
('SCORE036', 'EVENT078', NULL, 'TEAM011', 'Day 3: 198-3', '2025-12-07 18:30:00+00'),

-- Golf scores (hole-by-hole for leaders)
('SCORE037', 'EVENT007', 'PLAYER027', NULL, 'Hole 9: -3', '2025-02-18 16:00:00+00'),
('SCORE038', 'EVENT007', 'PLAYER028', NULL, 'Hole 9: -2', '2025-02-18 16:00:00+00'),
('SCORE039', 'EVENT007', 'PLAYER027', NULL, 'Hole 18: -6', '2025-02-18 17:30:00+00'),
('SCORE040', 'EVENT007', 'PLAYER028', NULL, 'Hole 18: -5', '2025-02-18 17:30:00+00'),
('SCORE041', 'EVENT007', NULL, NULL, 'Winner: Grealish (-6)', '2025-02-18 17:45:00+00'),

('SCORE042', 'EVENT057', 'PLAYER013', NULL, 'Round 1: 68', '2025-02-14 20:50:00+00'),
('SCORE043', 'EVENT057', 'PLAYER014', NULL, 'Round 1: 70', '2025-02-14 20:50:00+00'),
('SCORE044', 'EVENT057', 'PLAYER013', NULL, 'Final: 274 (-14)', '2025-02-17 21:00:00+00'),
('SCORE045', 'EVENT057', NULL, NULL, 'Champion: Kimmich', '2025-02-17 21:15:00+00'),

-- Rugby scores
('SCORE046', 'EVENT008', NULL, 'TEAM013', 'Try: 5-0', '2025-02-25 18:15:00+00'),
('SCORE047', 'EVENT008', NULL, 'TEAM014', 'Penalty: 5-3', '2025-02-25 18:30:00+00'),
('SCORE048', 'EVENT008', NULL, 'TEAM013', 'Try: 12-3', '2025-02-25 18:50:00+00'),
('SCORE049', 'EVENT008', NULL, NULL, 'Final: 24-16', '2025-02-25 19:45:00+00'),

('SCORE050', 'EVENT066', NULL, 'TEAM015', 'First Half: 14-10', '2025-11-28 12:30:00+00'),
('SCORE051', 'EVENT066', NULL, NULL, 'Final: 28-24', '2025-11-28 14:00:00+00'),

-- Volleyball scores (set-by-set)
('SCORE052', 'EVENT003', NULL, 'TEAM001', '1st Set: 25-22', '2025-01-22 16:15:00+00'),
('SCORE053', 'EVENT003', NULL, 'TEAM002', '2nd Set: 25-23', '2025-01-22 16:35:00+00'),
('SCORE054', 'EVENT003', NULL, 'TEAM001', '3rd Set: 25-20', '2025-01-22 16:55:00+00'),
('SCORE055', 'EVENT003', NULL, NULL, 'Match: 3-1', '2025-01-22 17:20:00+00'),

('SCORE056', 'EVENT056', NULL, 'TEAM003', '1st Set: 25-18', '2025-01-08 18:15:00+00'),
('SCORE057', 'EVENT056', NULL, 'TEAM004', '2nd Set: 25-27', '2025-01-08 18:35:00+00'),
('SCORE058', 'EVENT056', NULL, 'TEAM003', '3rd Set: 25-21', '2025-01-08 18:55:00+00'),
('SCORE059', 'EVENT056', NULL, NULL, 'Match: 3-1', '2025-01-08 19:20:00+00'),

-- Handball scores
('SCORE060', 'EVENT009', NULL, 'TEAM005', '1st Half: 16-14', '2025-03-03 17:45:00+00'),
('SCORE061', 'EVENT009', NULL, NULL, 'Final: 32-28', '2025-03-03 18:45:00+00'),

('SCORE062', 'EVENT082', NULL, 'TEAM006', '1st Half: 18-15', '2025-01-05 19:35:00+00'),
('SCORE063', 'EVENT082', NULL, NULL, 'Final: 35-31', '2025-01-05 20:35:00+00'),

-- Table Tennis scores
('SCORE064', 'EVENT010', 'PLAYER009', NULL, '1st Game: 11-8', '2025-03-08 11:15:00+00'),
('SCORE065', 'EVENT010', 'PLAYER010', NULL, '2nd Game: 11-9', '2025-03-08 11:25:00+00'),
('SCORE066', 'EVENT010', 'PLAYER009', NULL, '3rd Game: 11-7', '2025-03-08 11:35:00+00'),
('SCORE067', 'EVENT010', 'PLAYER010', NULL, '4th Game: 11-6', '2025-03-08 11:45:00+00'),
('SCORE068', 'EVENT010', 'PLAYER009', NULL, '5th Game: 11-9', '2025-03-08 11:55:00+00'),
('SCORE069', 'EVENT010', NULL, NULL, 'Match: 4-1', '2025-03-08 12:00:00+00'),

-- Boxing scores (round-by-round)
('SCORE070', 'EVENT011', NULL, NULL, 'Round 1: 10-9 Haaland', '2025-03-14 21:05:00+00'),
('SCORE071', 'EVENT011', NULL, NULL, 'Round 2: 10-9 Neuer', '2025-03-14 21:10:00+00'),
('SCORE072', 'EVENT011', NULL, NULL, 'Round 3: 10-8 Haaland', '2025-03-14 21:15:00+00'),
('SCORE073', 'EVENT011', NULL, NULL, 'Round 4: 10-9 Haaland', '2025-03-14 21:20:00+00'),
('SCORE074', 'EVENT011', NULL, NULL, 'Round 5: KO Haaland', '2025-03-14 21:25:00+00'),
('SCORE075', 'EVENT011', NULL, NULL, 'Winner: Haaland (TKO)', '2025-03-14 21:30:00+00'),

('SCORE076', 'EVENT092', NULL, NULL, 'Round 1: 10-9 Neuer', '2025-09-24 20:00:00+00'),
('SCORE077', 'EVENT092', NULL, NULL, 'Round 2: 10-9 Neuer', '2025-09-24 20:05:00+00'),
('SCORE078', 'EVENT092', NULL, NULL, 'Round 3: 10-9 Haaland', '2025-09-24 20:10:00+00'),
('SCORE079', 'EVENT092', NULL, NULL, 'Round 4: 10-9 Neuer', '2025-09-24 20:15:00+00'),
('SCORE080', 'EVENT092', NULL, NULL, 'Round 5: 10-9 Haaland', '2025-09-24 20:20:00+00'),
('SCORE081', 'EVENT092', NULL, NULL, 'Decision: 48-47 Neuer', '2025-09-24 20:30:00+00'),

-- Wrestling scores
('SCORE082', 'EVENT012', 'PLAYER013', NULL, 'Period 1: 2-0', '2025-03-20 14:15:00+00'),
('SCORE083', 'EVENT012', NULL, NULL, 'Final: 6-2 Kimmich', '2025-03-20 14:30:00+00'),

('SCORE084', 'EVENT058', 'PLAYER014', NULL, 'Period 1: 1-1', '2025-03-21 14:35:00+00'),
('SCORE085', 'EVENT058', NULL, NULL, 'Final: 3-2 Neymar', '2025-03-21 14:50:00+00'),

-- Judo scores
('SCORE086', 'EVENT013', 'PLAYER015', NULL, 'Ippon - 1:20', '2025-03-26 16:35:00+00'),
('SCORE087', 'EVENT013', NULL, NULL, 'Winner: Oblak', '2025-03-26 16:35:00+00'),

('SCORE088', 'EVENT079', 'PLAYER016', NULL, 'Waza-ari - 2:45', '2025-12-12 14:45:00+00'),
('SCORE089', 'EVENT079', NULL, NULL, 'Winner: Donnarumma', '2025-12-12 14:45:00+00'),

-- Karate scores
('SCORE090', 'EVENT014', 'PLAYER017', NULL, '3-0', '2025-04-02 19:05:00+00'),
('SCORE091', 'EVENT014', NULL, NULL, 'Winner: Verratti', '2025-04-02 19:10:00+00'),

('SCORE092', 'EVENT067', 'PLAYER018', NULL, '2-1', '2025-01-17 19:05:00+00'),
('SCORE093', 'EVENT067', NULL, NULL, 'Winner: Dias', '2025-01-17 19:10:00+00'),

-- Taekwondo scores
('SCORE094', 'EVENT015', 'PLAYER019', NULL, 'Round 1: 5-3', '2025-04-09 15:20:00+00'),
('SCORE095', 'EVENT015', 'PLAYER020', NULL, 'Round 2: 8-7', '2025-04-09 15:25:00+00'),
('SCORE096', 'EVENT015', 'PLAYER019', NULL, 'Round 3: 12-9', '2025-04-09 15:30:00+00'),
('SCORE097', 'EVENT015', NULL, NULL, 'Winner: Silva', '2025-04-09 15:35:00+00'),

-- MMA scores
('SCORE098', 'EVENT016', NULL, NULL, 'Round 1: 10-9 Gavi', '2025-04-15 22:05:00+00'),
('SCORE099', 'EVENT016', NULL, NULL, 'Round 2: 10-9 Courtois', '2025-04-15 22:10:00+00'),
('SCORE100', 'EVENT016', NULL, NULL, 'Round 3: Submission Gavi', '2025-04-15 22:15:00+00'),
('SCORE101', 'EVENT016', NULL, NULL, 'Winner: Gavi (Submission)', '2025-04-15 22:20:00+00'),

('SCORE102', 'EVENT083', NULL, NULL, 'Round 1: 10-9 Courtois', '2025-01-25 17:15:00+00'),
('SCORE103', 'EVENT083', NULL, NULL, 'Round 2: KO Courtois', '2025-01-25 17:20:00+00'),
('SCORE104', 'EVENT083', NULL, NULL, 'Winner: Courtois (KO)', '2025-01-25 17:25:00+00'),

-- Fencing scores
('SCORE105', 'EVENT017', 'PLAYER023', NULL, '5-2', '2025-04-22 18:50:00+00'),
('SCORE106', 'EVENT017', 'PLAYER024', NULL, '10-7', '2025-04-22 18:55:00+00'),
('SCORE107', 'EVENT017', 'PLAYER023', NULL, '15-11', '2025-04-22 19:00:00+00'),
('SCORE108', 'EVENT017', NULL, NULL, 'Winner: Lukaku', '2025-04-22 19:05:00+00'),

('SCORE109', 'EVENT076', 'PLAYER024', NULL, '15-12', '2025-10-19 20:10:00+00'),
('SCORE110', 'EVENT076', NULL, NULL, 'Winner: Chiesa', '2025-10-19 20:15:00+00'),

-- Athletics: Sprinting
('SCORE111', 'EVENT018', 'PLAYER025', NULL, 'Heat 1: 10.12s', '2025-03-29 08:05:00+00'),
('SCORE112', 'EVENT018', 'PLAYER026', NULL, 'Heat 1: 10.18s', '2025-03-29 08:05:00+00'),
('SCORE113', 'EVENT018', 'PLAYER025', NULL, 'Final: 9.98s', '2025-03-29 08:30:00+00'),
('SCORE114', 'EVENT018', NULL, NULL, 'Gold: Foden', '2025-03-29 08:35:00+00'),

-- Athletics: Marathon
('SCORE115', 'EVENT019', 'PLAYER026', NULL, 'Half: 1:03:45', '2025-05-05 09:00:00+00'),
('SCORE116', 'EVENT019', NULL, NULL, 'Finish: 2:08:32', '2025-05-05 10:08:00+00'),
('SCORE117', 'EVENT019', NULL, NULL, 'Winner: Mount', '2025-05-05 10:10:00+00'),

('SCORE118', 'EVENT059', 'PLAYER002', NULL, 'Half: 1:02:15', '2025-04-17 16:15:00+00'),
('SCORE119', 'EVENT059', NULL, NULL, 'Finish: 2:05:42', '2025-04-17 17:05:00+00'),
('SCORE120', 'EVENT059', NULL, NULL, 'Winner: Ronaldo', '2025-04-17 17:10:00+00'),

-- Athletics: High Jump
('SCORE121', 'EVENT020', 'PLAYER027', NULL, '2.20m ✓', '2025-05-12 17:15:00+00'),
('SCORE122', 'EVENT020', 'PLAYER028', NULL, '2.20m ✓', '2025-05-12 17:15:00+00'),
('SCORE123', 'EVENT020', 'PLAYER027', NULL, '2.25m ✓', '2025-05-12 17:25:00+00'),
('SCORE124', 'EVENT020', 'PLAYER028', NULL, '2.25m ✗', '2025-05-12 17:25:00+00'),
('SCORE125', 'EVENT020', NULL, NULL, 'Gold: Grealish 2.25m', '2025-05-12 17:30:00+00'),

('SCORE126', 'EVENT100', 'PLAYER007', NULL, '2.28m ✓', '2025-03-17 16:50:00+00'),
('SCORE127', 'EVENT100', NULL, NULL, 'Gold: Kane 2.28m', '2025-03-17 16:55:00+00'),

-- Athletics: Long Jump
('SCORE128', 'EVENT021', 'PLAYER028', NULL, 'Round 1: 7.85m', '2025-05-18 13:25:00+00'),
('SCORE129', 'EVENT021', 'PLAYER028', NULL, 'Round 3: 8.12m', '2025-05-18 13:40:00+00'),
('SCORE130', 'EVENT021', 'PLAYER028', NULL, 'Round 6: 8.25m', '2025-05-18 14:00:00+00'),
('SCORE131', 'EVENT021', NULL, NULL, 'Gold: Fernandes 8.25m', '2025-05-18 14:05:00+00'),

('SCORE132', 'EVENT080', 'PLAYER004', NULL, '8.18m', '2025-12-19 16:55:00+00'),
('SCORE133', 'EVENT080', NULL, NULL, 'Gold: De Bruyne', '2025-12-19 17:00:00+00'),

-- Athletics: Shot Put
('SCORE134', 'EVENT022', 'PLAYER029', NULL, 'Round 1: 20.45m', '2025-05-24 16:15:00+00'),
('SCORE135', 'EVENT022', 'PLAYER029', NULL, 'Round 4: 21.08m', '2025-05-24 16:35:00+00'),
('SCORE136', 'EVENT022', 'PLAYER029', NULL, 'Round 6: 21.32m', '2025-05-24 16:55:00+00'),
('SCORE137', 'EVENT022', NULL, NULL, 'Gold: Cancelo 21.32m', '2025-05-24 17:00:00+00'),

('SCORE138', 'EVENT068', 'PLAYER003', NULL, '20.89m', '2025-02-21 21:20:00+00'),
('SCORE139', 'EVENT068', NULL, NULL, 'Gold: Mbappé', '2025-02-21 21:25:00+00'),

-- Athletics: Javelin
('SCORE140', 'EVENT023', 'PLAYER030', NULL, 'Round 1: 82.45m', '2025-05-30 14:55:00+00'),
('SCORE141', 'EVENT023', 'PLAYER030', NULL, 'Round 3: 85.12m', '2025-05-30 15:15:00+00'),
('SCORE142', 'EVENT023', 'PLAYER030', NULL, 'Round 5: 87.89m', '2025-05-30 15:35:00+00'),
('SCORE143', 'EVENT023', NULL, NULL, 'Gold: Rüdiger 87.89m', '2025-05-30 15:40:00+00'),

-- Athletics: Decathlon/Heptathlon
('SCORE144', 'EVENT024', 'PLAYER001', NULL, '100m: 10.85s', '2025-06-06 10:05:00+00'),
('SCORE145', 'EVENT024', 'PLAYER001', NULL, 'Long Jump: 7.45m', '2025-06-06 11:00:00+00'),
('SCORE146', 'EVENT024', 'PLAYER001', NULL, 'Shot Put: 14.20m', '2025-06-06 12:00:00+00'),
('SCORE147', 'EVENT024', 'PLAYER001', NULL, 'High Jump: 2.05m', '2025-06-06 13:00:00+00'),
('SCORE148', 'EVENT024', 'PLAYER001', NULL, '400m: 48.12s', '2025-06-06 14:00:00+00'),
('SCORE149', 'EVENT024', 'PLAYER001', NULL, 'Day 1 Total: 4356 pts', '2025-06-06 14:30:00+00'),
('SCORE150', 'EVENT024', NULL, NULL, 'Gold: Messi 8854 pts', '2025-06-07 16:00:00+00'),

('SCORE151', 'EVENT084', 'PLAYER005', NULL, 'Final: 6542 pts', '2025-02-28 13:35:00+00'),
('SCORE152', 'EVENT084', NULL, NULL, 'Gold: Lewandowski', '2025-02-28 13:40:00+00'),

-- Swimming
('SCORE153', 'EVENT025', 'PLAYER008', NULL, 'Heat: 52.34s', '2025-06-12 09:15:00+00'),
('SCORE154', 'EVENT025', 'PLAYER008', NULL, 'Semi: 51.89s', '2025-06-12 10:00:00+00'),
('SCORE155', 'EVENT025', 'PLAYER008', NULL, 'Final: 51.23s', '2025-06-12 11:00:00+00'),
('SCORE156', 'EVENT025', NULL, NULL, 'Gold: Modrić', '2025-06-12 11:05:00+00'),

('SCORE157', 'EVENT060', 'PLAYER016', NULL, '200m Butterfly: 1:54.32', '2025-05-23 11:05:00+00'),
('SCORE158', 'EVENT060', NULL, NULL, 'Gold: Donnarumma', '2025-05-23 11:10:00+00'),

-- Diving
('SCORE159', 'EVENT026', 'PLAYER009', NULL, 'Round 1: 85.50', '2025-06-18 20:20:00+00'),
('SCORE160', 'EVENT026', 'PLAYER009', NULL, 'Round 3: 88.20', '2025-06-18 20:35:00+00'),
('SCORE161', 'EVENT026', 'PLAYER009', NULL, 'Round 6: 91.75', '2025-06-18 20:55:00+00'),
('SCORE162', 'EVENT026', NULL, NULL, 'Gold: Benzema 525.40', '2025-06-18 21:00:00+00'),

('SCORE163', 'EVENT094', 'PLAYER020', NULL, 'Synchro: 345.60', '2025-11-17 13:15:00+00'),
('SCORE164', 'EVENT094', NULL, NULL, 'Gold: Pedri/Dias', '2025-11-17 13:20:00+00'),

-- Water Polo
('SCORE165', 'EVENT027', NULL, 'TEAM007', 'Q1: 3-2', '2025-06-24 19:35:00+00'),
('SCORE166', 'EVENT027', NULL, 'TEAM008', 'Q2: 5-5', '2025-06-24 19:50:00+00'),
('SCORE167', 'EVENT027', NULL, 'TEAM007', 'Q3: 8-7', '2025-06-24 20:05:00+00'),
('SCORE168', 'EVENT027', NULL, NULL, 'Final: 10-9', '2025-06-24 20:20:00+00'),

-- Surfing
('SCORE169', 'EVENT028', 'PLAYER011', NULL, 'Wave 1: 8.5', '2025-06-30 11:50:00+00'),
('SCORE170', 'EVENT028', 'PLAYER011', NULL, 'Wave 3: 9.2', '2025-06-30 12:10:00+00'),
('SCORE171', 'EVENT028', 'PLAYER011', NULL, 'Total: 17.7', '2025-06-30 12:30:00+00'),
('SCORE172', 'EVENT028', NULL, NULL, 'Winner: Haaland', '2025-06-30 12:35:00+00'),

('SCORE173', 'EVENT077', 'PLAYER018', NULL, 'Big Wave: 9.8', '2025-11-15 15:30:00+00'),
('SCORE174', 'EVENT077', NULL, NULL, 'Winner: Dias', '2025-11-15 15:35:00+00'),

-- Sailing
('SCORE175', 'EVENT029', 'PLAYER012', NULL, 'Race 1: 1st', '2025-07-05 13:15:00+00'),
('SCORE176', 'EVENT029', 'PLAYER012', NULL, 'Race 3: 2nd', '2025-07-05 14:00:00+00'),
('SCORE177', 'EVENT029', 'PLAYER012', NULL, 'Race 5: 1st', '2025-07-05 14:45:00+00'),
('SCORE178', 'EVENT029', NULL, NULL, 'Gold: Neuer', '2025-07-05 15:30:00+00'),

('SCORE179', 'EVENT069', 'PLAYER001', NULL, '49er: 15 pts', '2025-03-29 08:30:00+00'),
('SCORE180', 'EVENT069', NULL, NULL, 'Gold: Messi', '2025-03-29 09:00:00+00'),

-- Rowing
('SCORE181', 'EVENT030', NULL, 'TEAM009', '500m: 1:20.45', '2025-07-11 15:25:00+00'),
('SCORE182', 'EVENT030', NULL, 'TEAM009', '1000m: 2:45.12', '2025-07-11 15:35:00+00'),
('SCORE183', 'EVENT030', NULL, 'TEAM009', 'Final: 5:42.89', '2025-07-11 15:50:00+00'),
('SCORE184', 'EVENT030', NULL, NULL, 'Gold: Portugal', '2025-07-11 15:55:00+00'),

-- Canoeing
('SCORE185', 'EVENT031', 'PLAYER014', NULL, 'Heat: 45.23s', '2025-07-17 16:45:00+00'),
('SCORE186', 'EVENT031', 'PLAYER014', NULL, 'Semi: 44.89s', '2025-07-17 17:00:00+00'),
('SCORE187', 'EVENT031', 'PLAYER014', NULL, 'Final: 44.12s', '2025-07-17 17:15:00+00'),
('SCORE188', 'EVENT031', NULL, NULL, 'Gold: Neymar', '2025-07-17 17:20:00+00'),

('SCORE189', 'EVENT061', 'PLAYER017', NULL, 'Whitewater: 98.45s', '2025-06-19 17:35:00+00'),
('SCORE190', 'EVENT061', NULL, NULL, 'Gold: Verratti', '2025-06-19 17:40:00+00'),
-- Windsurfing
('SCORE191', 'EVENT032', 'PLAYER015', NULL, 'Race 1: 3rd', '2025-07-23 12:35:00+00'),
('SCORE192', 'EVENT032', 'PLAYER015', NULL, 'Race 4: 1st', '2025-07-23 13:15:00+00'),
('SCORE193', 'EVENT032', 'PLAYER015', NULL, 'Race 7: 2nd', '2025-07-23 13:55:00+00'),
('SCORE194', 'EVENT032', NULL, NULL, 'Gold: Oblak', '2025-07-23 14:30:00+00'),

('SCORE195', 'EVENT081', 'PLAYER019', NULL, 'Speed: 45.2 knots', '2025-12-26 12:05:00+00'),
('SCORE196', 'EVENT081', NULL, NULL, 'Record: Silva', '2025-12-26 12:10:00+00'),

-- Winter Sports: Skiing
('SCORE197', 'EVENT033', 'PLAYER021', NULL, 'Run 1: 1:45.23', '2025-07-29 18:05:00+00'),
('SCORE198', 'EVENT033', 'PLAYER021', NULL, 'Run 2: 1:44.89', '2025-07-29 18:20:00+00'),
('SCORE199', 'EVENT033', NULL, NULL, 'Gold: Gavi 3:30.12', '2025-07-29 18:25:00+00'),

('SCORE200', 'EVENT085', 'PLAYER001', NULL, '15km: 38:45.12', '2025-03-25 20:45:00+00'),
('SCORE201', 'EVENT085', NULL, NULL, 'Gold: Messi', '2025-03-25 20:50:00+00'),

-- Snowboarding
('SCORE202', 'EVENT034', 'PLAYER022', NULL, 'Run 1: 89.5', '2025-08-04 14:20:00+00'),
('SCORE203', 'EVENT034', 'PLAYER022', NULL, 'Run 2: 92.8', '2025-08-04 14:35:00+00'),
('SCORE204', 'EVENT034', NULL, NULL, 'Gold: Courtois 92.8', '2025-08-04 14:40:00+00'),

('SCORE205', 'EVENT070', 'PLAYER029', NULL, 'Snowboard Cross: 1st', '2025-04-25 17:50:00+00'),
('SCORE206', 'EVENT070', NULL, NULL, 'Gold: Cancelo', '2025-04-25 17:55:00+00'),

-- Ice Hockey
('SCORE207', 'EVENT035', NULL, 'TEAM010', '1st: 1-0', '2025-08-10 21:05:00+00'),
('SCORE208', 'EVENT035', NULL, 'TEAM011', '2nd: 1-1', '2025-08-10 21:25:00+00'),
('SCORE209', 'EVENT035', NULL, 'TEAM010', '3rd: 2-1', '2025-08-10 21:45:00+00'),
('SCORE210', 'EVENT035', NULL, 'TEAM011', 'OT: 2-2', '2025-08-10 22:00:00+00'),
('SCORE211', 'EVENT035', NULL, 'TEAM010', 'SO: 3-2', '2025-08-10 22:15:00+00'),
('SCORE212', 'EVENT035', NULL, NULL, 'Final: 3-2', '2025-08-10 22:20:00+00'),

-- Figure Skating
('SCORE213', 'EVENT036', 'PLAYER024', NULL, 'Short: 85.45', '2025-08-16 19:50:00+00'),
('SCORE214', 'EVENT036', 'PLAYER024', NULL, 'Free: 178.90', '2025-08-16 20:30:00+00'),
('SCORE215', 'EVENT036', NULL, NULL, 'Gold: Chiesa 264.35', '2025-08-16 20:35:00+00'),

('SCORE216', 'EVENT062', 'PLAYER028', NULL, 'Ice Dance: 215.78', '2025-07-25 13:50:00+00'),
('SCORE217', 'EVENT062', NULL, NULL, 'Gold: Fernandes', '2025-07-25 13:55:00+00'),

-- Speed Skating
('SCORE218', 'EVENT037', 'PLAYER025', NULL, '500m: 34.56s', '2025-08-22 17:35:00+00'),
('SCORE219', 'EVENT037', NULL, NULL, 'Gold: Foden', '2025-08-22 17:40:00+00'),

('SCORE220', 'EVENT095', 'PLAYER003', NULL, '1000m: 1:08.45', '2025-12-14 20:35:00+00'),
('SCORE221', 'EVENT095', NULL, NULL, 'Gold: Mbappé', '2025-12-14 20:40:00+00'),

-- Bobsleigh
('SCORE222', 'EVENT038', NULL, 'TEAM012', 'Heat 1: 54.23s', '2025-08-28 16:05:00+00'),
('SCORE223', 'EVENT038', NULL, 'TEAM012', 'Heat 2: 54.01s', '2025-08-28 16:20:00+00'),
('SCORE224', 'EVENT038', NULL, 'TEAM012', 'Heat 3: 53.89s', '2025-08-28 16:35:00+00'),
('SCORE225', 'EVENT038', NULL, 'TEAM012', 'Heat 4: 53.76s', '2025-08-28 16:50:00+00'),
('SCORE226', 'EVENT038', NULL, NULL, 'Gold: Germany 3:35.89', '2025-08-28 16:55:00+00'),

('SCORE227', 'EVENT086', NULL, 'TEAM013', '4-Man: 3:32.45', '2025-04-20 15:20:00+00'),
('SCORE228', 'EVENT086', NULL, NULL, 'Gold: Switzerland', '2025-04-20 15:25:00+00'),

-- Curling
('SCORE229', 'EVENT039', NULL, 'TEAM014', 'End 3: 2-1', '2025-09-03 13:50:00+00'),
('SCORE230', 'EVENT039', NULL, 'TEAM015', 'End 6: 3-3', '2025-09-03 14:15:00+00'),
('SCORE231', 'EVENT039', NULL, 'TEAM014', 'End 8: 5-4', '2025-09-03 14:40:00+00'),
('SCORE232', 'EVENT039', NULL, NULL, 'Final: 6-5', '2025-09-03 15:00:00+00'),

('SCORE233', 'EVENT071', NULL, 'TEAM001', 'Mixed: 8-7', '2025-05-30 14:05:00+00'),
('SCORE234', 'EVENT071', NULL, NULL, 'Gold: Spain', '2025-05-30 14:10:00+00'),

-- Motor Sports: Formula 1
('SCORE235', 'EVENT040', 'PLAYER004', NULL, 'Lap 20: P1', '2025-09-09 20:35:00+00'),
('SCORE236', 'EVENT040', 'PLAYER004', NULL, 'Lap 40: P1', '2025-09-09 21:05:00+00'),
('SCORE237', 'EVENT040', 'PLAYER004', NULL, 'Lap 78: P1', '2025-09-09 21:45:00+00'),
('SCORE238', 'EVENT040', NULL, NULL, 'Winner: De Bruyne', '2025-09-09 21:50:00+00'),

-- MotoGP
('SCORE239', 'EVENT041', 'PLAYER005', NULL, 'Lap 5: P2', '2025-09-15 15:05:00+00'),
('SCORE240', 'EVENT041', 'PLAYER005', NULL, 'Lap 15: P1', '2025-09-15 15:25:00+00'),
('SCORE241', 'EVENT041', 'PLAYER005', NULL, 'Lap 25: P1', '2025-09-15 15:45:00+00'),
('SCORE242', 'EVENT041', NULL, NULL, 'Winner: Lewandowski', '2025-09-15 15:55:00+00'),

('SCORE243', 'EVENT063', 'PLAYER009', NULL, 'British GP: 1st', '2025-08-30 20:05:00+00'),
('SCORE244', 'EVENT063', NULL, NULL, 'Winner: Benzema', '2025-08-30 20:10:00+00'),

-- Rally Racing
('SCORE245', 'EVENT042', 'PLAYER006', NULL, 'Stage 3: 2nd +1.2s', '2025-09-21 11:15:00+00'),
('SCORE246', 'EVENT042', 'PLAYER006', NULL, 'Stage 8: 1st', '2025-09-21 12:30:00+00'),
('SCORE247', 'EVENT042', 'PLAYER006', NULL, 'Stage 15: 1st', '2025-09-21 14:00:00+00'),
('SCORE248', 'EVENT042', NULL, NULL, 'Winner: van Dijk', '2025-09-21 14:30:00+00'),

('SCORE249', 'EVENT096', 'PLAYER001', NULL, 'Snow Stage: 1st', '2025-12-21 15:45:00+00'),
('SCORE250', 'EVENT096', NULL, NULL, 'Winner: Messi', '2025-12-21 16:00:00+00'),

-- Karting
('SCORE251', 'EVENT043', 'PLAYER007', NULL, 'Heat 1: 1st', '2025-09-27 14:25:00+00'),
('SCORE252', 'EVENT043', 'PLAYER007', NULL, 'Final: 1st', '2025-09-27 15:00:00+00'),
('SCORE253', 'EVENT043', NULL, NULL, 'Champion: Kane', '2025-09-27 15:05:00+00'),

('SCORE254', 'EVENT087', 'PLAYER011', NULL, '24h: 1256 laps', '2025-05-15 11:30:00+00'),
('SCORE255', 'EVENT087', NULL, NULL, 'Winner: Haaland Team', '2025-05-15 11:35:00+00'),

-- NASCAR
('SCORE256', 'EVENT044', 'PLAYER008', NULL, 'Lap 50: P3', '2025-10-03 19:15:00+00'),
('SCORE257', 'EVENT044', 'PLAYER008', NULL, 'Lap 150: P1', '2025-10-03 20:15:00+00'),
('SCORE258', 'EVENT044', 'PLAYER008', NULL, 'Lap 200: P1', '2025-10-03 20:45:00+00'),
('SCORE259', 'EVENT044', NULL, NULL, 'Winner: Modrić', '2025-10-03 20:50:00+00'),

('SCORE260', 'EVENT072', 'PLAYER010', NULL, 'Talladega: 1st', '2025-06-26 16:25:00+00'),
('SCORE261', 'EVENT072', NULL, NULL, 'Winner: Salah', '2025-06-26 16:30:00+00'),

-- Precision Sports: Archery
('SCORE262', 'EVENT045', 'PLAYER012', NULL, 'End 1: 29/30', '2025-10-08 16:55:00+00'),
('SCORE263', 'EVENT045', 'PLAYER012', NULL, 'End 4: 117/120', '2025-10-08 17:15:00+00'),
('SCORE264', 'EVENT045', 'PLAYER012', NULL, 'Final: 145/150', '2025-10-08 17:35:00+00'),
('SCORE265', 'EVENT045', NULL, NULL, 'Gold: Neuer', '2025-10-08 17:40:00+00'),

-- Shooting
('SCORE266', 'EVENT046', 'PLAYER013', NULL, 'Qual: 595/600', '2025-10-14 12:20:00+00'),
('SCORE267', 'EVENT046', 'PLAYER013', NULL, 'Final: 250.8', '2025-10-14 12:45:00+00'),
('SCORE268', 'EVENT046', NULL, NULL, 'Gold: Kimmich', '2025-10-14 12:50:00+00'),

('SCORE269', 'EVENT064', 'PLAYER017', NULL, 'Trap: 48/50', '2025-09-26 15:15:00+00'),
('SCORE270', 'EVENT064', NULL, NULL, 'Gold: Verratti', '2025-09-26 15:20:00+00'),

-- Darts
('SCORE271', 'EVENT047', 'PLAYER014', NULL, 'Set 1: 3-1', '2025-10-20 18:30:00+00'),
('SCORE272', 'EVENT047', 'PLAYER014', NULL, 'Set 3: 3-0', '2025-10-20 18:45:00+00'),
('SCORE273', 'EVENT047', 'PLAYER014', NULL, 'Set 5: 3-2', '2025-10-20 19:00:00+00'),
('SCORE274', 'EVENT047', NULL, NULL, 'Champion: Neymar', '2025-10-20 19:05:00+00'),

('SCORE275', 'EVENT097', 'PLAYER020', NULL, 'Match: 6-4', '2025-12-28 11:55:00+00'),
('SCORE276', 'EVENT097', NULL, NULL, 'Winner: Pedri', '2025-12-28 12:00:00+00'),

-- Bowling
('SCORE277', 'EVENT048', 'PLAYER015', NULL, 'Game 1: 245', '2025-10-26 21:15:00+00'),
('SCORE278', 'EVENT048', 'PLAYER015', NULL, 'Game 3: 278', '2025-10-26 21:35:00+00'),
('SCORE279', 'EVENT048', 'PLAYER015', NULL, 'Game 5: 265', '2025-10-26 21:55:00+00'),
('SCORE280', 'EVENT048', NULL, NULL, 'Champion: Oblak', '2025-10-26 22:00:00+00'),

('SCORE281', 'EVENT088', 'PLAYER019', NULL, 'Final: 289', '2025-06-10 18:10:00+00'),
('SCORE282', 'EVENT088', NULL, NULL, 'Winner: Silva', '2025-06-10 18:15:00+00'),

-- Snooker/Billiards
('SCORE283', 'EVENT049', 'PLAYER016', NULL, 'Frame 1: 78-45', '2025-11-01 17:45:00+00'),
('SCORE284', 'EVENT049', 'PLAYER016', NULL, 'Frame 5: 112-15', '2025-11-01 18:15:00+00'),
('SCORE285', 'EVENT049', 'PLAYER016', NULL, 'Frame 10: 89-34', '2025-11-01 19:00:00+00'),
('SCORE286', 'EVENT049', NULL, NULL, 'Champion: Donnarumma', '2025-11-01 19:05:00+00'),

('SCORE287', 'EVENT073', 'PLAYER018', NULL, 'UK Final: 10-7', '2025-07-31 19:40:00+00'),
('SCORE288', 'EVENT073', NULL, NULL, 'Winner: Dias', '2025-07-31 19:45:00+00'),

-- Adventure Sports: Rock Climbing
('SCORE289', 'EVENT050', 'PLAYER021', NULL, 'Route 1: Top 2:15', '2025-11-01 17:45:00+00'),
('SCORE290', 'EVENT050', 'PLAYER021', NULL, 'Route 3: Top 3:45', '2025-11-01 18:15:00+00'),
('SCORE291', 'EVENT050', NULL, NULL, 'Gold: Gavi', '2025-11-01 18:30:00+00'),

-- Paragliding
('SCORE292', 'EVENT051', 'PLAYER022', NULL, 'Distance: 45.2km', '2025-11-13 10:55:00+00'),
('SCORE293', 'EVENT051', NULL, NULL, 'Gold: Courtois', '2025-11-13 11:00:00+00'),

-- Skydiving
('SCORE294', 'EVENT052', 'PLAYER023', NULL, 'Accuracy: 0.15m', '2025-11-19 20:25:00+00'),
('SCORE295', 'EVENT052', NULL, NULL, 'Gold: Lukaku', '2025-11-19 20:30:00+00'),

('SCORE296', 'EVENT098', 'PLAYER002', NULL, 'Formation: 28 pts', '2025-01-12 18:30:00+00'),
('SCORE297', 'EVENT098', NULL, NULL, 'Gold: Ronaldo Team', '2025-01-12 18:35:00+00'),

-- Skateboarding
('SCORE298', 'EVENT053', 'PLAYER024', NULL, 'Run 1: 85.6', '2025-11-25 13:40:00+00'),
('SCORE299', 'EVENT053', 'PLAYER024', NULL, 'Run 3: 92.4', '2025-11-25 14:00:00+00'),
('SCORE300', 'EVENT053', NULL, NULL, 'Gold: Chiesa 92.4', '2025-11-25 14:05:00+00');

INSERT INTO livestreams (id, event, url, membership_required, price) VALUES
     ('STREAM001', 'EVENT001', 'https://sportslive.com/stream/champions-league-001', false, 0),
     ('STREAM002', 'EVENT002', 'https://nba-live.tv/game/lakers-warriors-2025', true, 899),
     ('STREAM003', 'EVENT003', 'https://volleyball-world.tv/ivf-finals', false, 0),
     ('STREAM004', 'EVENT004', 'https://tennis-premium.com/wimbledon-quarter-1', true, 1299),
     ('STREAM005', 'EVENT005', 'https://mlb-stream.org/spring-training-opener', false, 0),
     ('STREAM006', 'EVENT006', 'https://cricket-world.live/world-cup-group-a', true, 799),
     ('STREAM007', 'EVENT007', 'https://golf-masters.tv/pga-championship', true, 1499),
     ('STREAM008', 'EVENT008', 'https://rugby-sixnations.com/england-france', false, 0),
     ('STREAM009', 'EVENT009', 'https://handball-euro.tv/semifinal-1', true, 599),
     ('STREAM010', 'EVENT010', 'https://tabletennis-pro.com/world-championship', false, 0),

     ('STREAM011', 'EVENT011', 'https://boxing-ppv.com/heavyweight-title', true, 2499),
     ('STREAM012', 'EVENT012', 'https://wrestling-olympic.tv/qualifiers-europe', false, 0),
     ('STREAM013', 'EVENT013', 'https://judo-world.masters/final-day', true, 499),
     ('STREAM014', 'EVENT014', 'https://karate-championships.tv/kumite-finals', false, 0),
     ('STREAM015', 'EVENT015', 'https://taekwondo-olympic.tv/trials-usa', true, 699),
     ('STREAM016', 'EVENT016', 'https://ufc-ppv.com/ufc-300-main', true, 2999),
     ('STREAM017', 'EVENT017', 'https://fencing-worldcup.tv/finale-paris', false, 0),
     ('STREAM018', 'EVENT018', 'https://athletics-diamond.com/100m-diamond', true, 899),
     ('STREAM019', 'EVENT019', 'https://marathon-paris.live/full-coverage', false, 0),
     ('STREAM020', 'EVENT020', 'https://highjump-world.tv/championship-final', true, 399),

     ('STREAM021', 'EVENT021', 'https://longjump-nationals.com/finals', false, 0),
     ('STREAM022', 'EVENT022', 'https://shotput-global.tv/world-challenge', true, 299),
     ('STREAM023', 'EVENT023', 'https://javelin-eurocup.com/final-round', false, 0),
     ('STREAM024', 'EVENT024', 'https://decathlon-world.tv/day1-coverage', true, 1199),
     ('STREAM025', 'EVENT025', 'https://swimming-olympic.tv/trials-100m-free', false, 0),
     ('STREAM026', 'EVENT026', 'https://diving-world.championship/platform-final', true, 799),
     ('STREAM027', 'EVENT027', 'https://waterpolo-euro.league/final-match', false, 0),
     ('STREAM028', 'EVENT028', 'https://surfing-wsl.tv/championship-tour', true, 999),
     ('STREAM029', 'EVENT029', 'https://sailing-americascup.tv/race-day-5', true, 1599),
     ('STREAM030', 'EVENT030', 'https://rowing-worldcup.tv/final-races', false, 0),

     ('STREAM031', 'EVENT031', 'https://canoeing-sprint.tv/world-championship', true, 499),
     ('STREAM032', 'EVENT032', 'https://windsurfing-world.series/final-race', false, 0),
     ('STREAM033', 'EVENT033', 'https://skiing-alpine.tv/world-cup-downhill', true, 899),
     ('STREAM034', 'EVENT034', 'https://snowboarding-halfpipe.tv/olympic-qualifier', false, 0),
     ('STREAM035', 'EVENT035', 'https://nhl-stanleycup.tv/game7-final', true, 1999),
     ('STREAM036', 'EVENT036', 'https://figureskating-grandprix.tv/final-performance', true, 1299),
     ('STREAM037', 'EVENT037', 'https://speedskating-world.tv/1000m-final', false, 0),
     ('STREAM038', 'EVENT038', 'https://bobsleigh-worldcup.tv/final-heat', true, 599),
     ('STREAM039', 'EVENT039', 'https://curling-world.championship/semifinal', false, 0),
     ('STREAM040', 'EVENT040', 'https://f1-monaco.gp/race-live', true, 2499),

     ('STREAM041', 'EVENT041', 'https://motogp-italian.gp/race-coverage', true, 1899),
     ('STREAM042', 'EVENT042', 'https://rally-finland.tv/stage-8-live', false, 0),
     ('STREAM043', 'EVENT043', 'https://karting-world.final/championship-race', true, 399),
     ('STREAM044', 'EVENT044', 'https://nascar-daytona.tv/daytona-500', true, 1699),
     ('STREAM045', 'EVENT045', 'https://archery-worldcup.tv/final-arrows', false, 0),
     ('STREAM046', 'EVENT046', 'https://shooting-olympic.tv/qualifier-day2', true, 299),
     ('STREAM047', 'EVENT047', 'https://darts-world.championship/final-match', true, 899),
     ('STREAM048', 'EVENT048', 'https://bowling-world.tour/final-showdown', false, 0),
     ('STREAM049', 'EVENT049', 'https://snooker-world.championship/final-frame', true, 1299),
     ('STREAM050', 'EVENT050', 'https://climbing-world.cup/lead-final', false, 0),

     ('STREAM051', 'EVENT051', 'https://paragliding-world.championship/final-flight', true, 499),
     ('STREAM052', 'EVENT052', 'https://skydiving-world.cup/accuracy-final', false, 0),
     ('STREAM053', 'EVENT053', 'https://skateboarding-street.league/final-run', true, 799),
     ('STREAM054', 'EVENT054', 'https://bmx-world.championship/final-heat', false, 0),
     ('STREAM055', 'EVENT055', 'https://mountainbike-downhill.tv/world-cup-final', true, 699),
     ('STREAM056', 'EVENT056', 'https://volleyball-nations.league/gold-medal', false, 0),
     ('STREAM057', 'EVENT057', 'https://golf-masters.tv/final-round', true, 1799),
     ('STREAM058', 'EVENT058', 'https://wrestling-greco.tv/world-cup-final', false, 0),
     ('STREAM059', 'EVENT059', 'https://marathon-boston.live/2025-coverage', true, 599),
     ('STREAM060', 'EVENT060', 'https://swimming-world.aquatics/200m-fly-final', false, 0),

     ('STREAM061', 'EVENT061', 'https://canoeing-whitewater.tv/world-cup-final', true, 399),
     ('STREAM062', 'EVENT062', 'https://icedancing-world.tv/championship-free', true, 999),
     ('STREAM063', 'EVENT063', 'https://motogp-british.gp/race-day', true, 1699),
     ('STREAM064', 'EVENT064', 'https://shooting-trap.world/final-round', false, 0),
     ('STREAM065', 'EVENT065', 'https://hanggliding-world.series/final-day', true, 449),
     ('STREAM066', 'EVENT066', 'https://rugby-worldcup.tv/semifinal-1', true, 2199),
     ('STREAM067', 'EVENT067', 'https://karate-kumite.world/open-final', false, 0),
     ('STREAM068', 'EVENT068', 'https://shotput-indoor.tv/championship-final', true, 249),
     ('STREAM069', 'EVENT069', 'https://sailing-49er.world/championship-race', false, 0),
     ('STREAM070', 'EVENT070', 'https://snowboard-cross.tv/world-cup-final', true, 599),

     ('STREAM071', 'EVENT071', 'https://curling-mixed.doubles/final-game', false, 0),
     ('STREAM072', 'EVENT072', 'https://nascar-talladega.tv/superspeedway', true, 1499),
     ('STREAM073', 'EVENT073', 'https://snooker-uk.championship/final-match', true, 1099),
     ('STREAM074', 'EVENT074', 'https://bmx-freestyle.park/world-cup-final', false, 0),
     ('STREAM075', 'EVENT075', 'https://champions-league.final/official-stream', true, 2999),
     ('STREAM076', 'EVENT076', 'https://fencing-epee.world/championship-final', false, 0),
     ('STREAM077', 'EVENT077', 'https://surfing-bigwave.tv/challenge-hawaii', true, 1299),
     ('STREAM078', 'EVENT078', 'https://cricket-test.live/ashes-day3', false, 0),
     ('STREAM079', 'EVENT079', 'https://judo-grandslam.tokyo/final-block', true, 699),
     ('STREAM080', 'EVENT080', 'https://longjump-indoor.tv/championship-final', false, 0),

     ('STREAM081', 'EVENT081', 'https://windsurfing-speed.tv/competition-final', true, 349),
     ('STREAM082', 'EVENT082', 'https://handball-champions.league/final-match', false, 0),
     ('STREAM083', 'EVENT083', 'https://mma-lightweight.tv/championship-fight', true, 2299),
     ('STREAM084', 'EVENT084', 'https://heptathlon-indoor.tv/world-championship', false, 0),
     ('STREAM085', 'EVENT085', 'https://skiing-crosscountry.tv/world-cup-final', true, 499),
     ('STREAM086', 'EVENT086', 'https://bobsleigh-4man.tv/world-championship', false, 0),
     ('STREAM087', 'EVENT087', 'https://karting-endurance.tv/24h-race', true, 799),
     ('STREAM088', 'EVENT088', 'https://bowling-pba.tv/championship-final', false, 0),
     ('STREAM089', 'EVENT089', 'https://skateboarding-vert.tv/competition-final', true, 599),
     ('STREAM090', 'EVENT090', 'https://mountainbike-enduro.tv/world-series', false, 0),

     ('STREAM091', 'EVENT091', 'https://tennis-australian.open/quarterfinal', true, 1399),
     ('STREAM092', 'EVENT092', 'https://boxing-welterweight.tv/title-fight', true, 2099),
     ('STREAM093', 'EVENT093', 'https://athletics-hurdles.tv/400m-diamond', false, 0),
     ('STREAM094', 'EVENT094', 'https://diving-synchronized.tv/world-cup', true, 499),
     ('STREAM095', 'EVENT095', 'https://speedskating-short.tv/world-cup-final', false, 0),
     ('STREAM096', 'EVENT096', 'https://rally-sweden.tv/snow-stage-live', true, 899),
     ('STREAM097', 'EVENT097', 'https://darts-premier.league/night-final', true, 799),
     ('STREAM098', 'EVENT098', 'https://skydiving-formation.tv/world-cup', false, 0),
     ('STREAM099', 'EVENT099', 'https://mlb-worldseries.tv/game5-live', true, 1899),
     ('STREAM100', 'EVENT100', 'https://highjump-diamond.tv/league-final', false, 0);

INSERT INTO event_teams (team, event) VALUES
-- Football events
('TEAM001', 'EVENT001'),  -- Real Madrid in Champions League
('TEAM002', 'EVENT001'),  -- Barcelona in Champions League
('TEAM003', 'EVENT075'),  -- Manchester United in CL Final
('TEAM004', 'EVENT075'),  -- Manchester City in CL Final
('TEAM005', 'EVENT066'),  -- Liverpool in Rugby World Cup
('TEAM006', 'EVENT066'),  -- Bayern in Rugby World Cup

-- Basketball events
('TEAM007', 'EVENT002'),  -- Borussia Dortmund in NBA
('TEAM008', 'EVENT002'),  -- PSG in NBA
('TEAM009', 'EVENT057'),  -- Juventus in The Masters
('TEAM010', 'EVENT057'),  -- AC Milan in The Masters

-- Volleyball events
('TEAM001', 'EVENT003'),  -- Real Madrid in Volleyball
('TEAM002', 'EVENT003'),  -- Barcelona in Volleyball
('TEAM003', 'EVENT056'),  -- Manchester United in Volleyball Nations
('TEAM004', 'EVENT056'),  -- Manchester City in Volleyball Nations

-- Baseball events
('TEAM005', 'EVENT005'),  -- Liverpool in MLB
('TEAM006', 'EVENT005'),  -- Bayern in MLB
('TEAM007', 'EVENT099'),  -- Dortmund in World Series
('TEAM008', 'EVENT099'),  -- PSG in World Series

-- Cricket events
('TEAM009', 'EVENT006'),  -- Juventus in Cricket
('TEAM010', 'EVENT006'),  -- AC Milan in Cricket
('TEAM011', 'EVENT078'),  -- Inter Milan in Cricket Test
('TEAM012', 'EVENT078'),  -- Chelsea in Cricket Test

-- Rugby events
('TEAM013', 'EVENT008'),  -- Arsenal in Six Nations
('TEAM014', 'EVENT008'),  -- Tottenham in Six Nations
('TEAM015', 'EVENT066'),  -- Atletico in Rugby World Cup

-- Handball events
('TEAM005', 'EVENT009'),  -- Liverpool in Handball
('TEAM006', 'EVENT009'),  -- Bayern in Handball
('TEAM007', 'EVENT082'),  -- Dortmund in Handball Champions
('TEAM008', 'EVENT082'),  -- PSG in Handball Champions

-- Water Polo events
('TEAM007', 'EVENT027'),  -- Dortmund in Water Polo
('TEAM008', 'EVENT027'),  -- PSG in Water Polo

-- Ice Hockey events
('TEAM010', 'EVENT035'),  -- AC Milan in Ice Hockey
('TEAM011', 'EVENT035'),  -- Inter Milan in Ice Hockey

-- Curling events
('TEAM014', 'EVENT039'),  -- Tottenham in Curling
('TEAM015', 'EVENT039'),  -- Atletico in Curling
('TEAM001', 'EVENT071'),  -- Real Madrid in Mixed Curling

-- Team events that need multiple teams
('TEAM001', 'EVENT001'),  -- Real Madrid in multiple events
('TEAM002', 'EVENT075'),  -- Barcelona in multiple events
('TEAM003', 'EVENT056'),  -- Manchester United in multiple events
('TEAM004', 'EVENT002'),  -- Manchester City in multiple events

-- Winter Sports teams
('TEAM012', 'EVENT038'),  -- Chelsea in Bobsleigh
('TEAM013', 'EVENT086'),  -- Arsenal in 4-Man Bobsleigh

-- More team assignments for variety
('TEAM009', 'EVENT030'),  -- Juventus in Rowing
('TEAM010', 'EVENT027'),  -- AC Milan in Water Polo
('TEAM011', 'EVENT035'),  -- Inter Milan in Ice Hockey
('TEAM012', 'EVENT078'),  -- Chelsea in Cricket
('TEAM013', 'EVENT008'),  -- Arsenal in Rugby
('TEAM014', 'EVENT039'),  -- Tottenham in Curling
('TEAM015', 'EVENT066'),  -- Atletico in Rugby

-- Additional team assignments to ensure good coverage
('TEAM001', 'EVENT091'),  -- Real Madrid in Australian Open (team tennis)
('TEAM002', 'EVENT091'),  -- Barcelona in Australian Open
('TEAM003', 'EVENT093'),  -- Manchester United in Athletics
('TEAM004', 'EVENT093'),  -- Manchester City in Athletics
('TEAM005', 'EVENT094'),  -- Liverpool in Diving
('TEAM006', 'EVENT094'),  -- Bayern in Diving
('TEAM007', 'EVENT095'),  -- Dortmund in Speed Skating
('TEAM008', 'EVENT095'),  -- PSG in Speed Skating
('TEAM009', 'EVENT096'),  -- Juventus in Rally
('TEAM010', 'EVENT096'),  -- AC Milan in Rally
('TEAM011', 'EVENT097'),  -- Inter Milan in Darts
('TEAM012', 'EVENT097'),  -- Chelsea in Darts
('TEAM013', 'EVENT098'),  -- Arsenal in Skydiving
('TEAM014', 'EVENT098'),  -- Tottenham in Skydiving
('TEAM015', 'EVENT100'),  -- Atletico in High Jump

-- More team assignments for major events
('TEAM001', 'EVENT040'),  -- Real Madrid in Formula 1 (as racing team)
('TEAM002', 'EVENT041'),  -- Barcelona in MotoGP
('TEAM003', 'EVENT042'),  -- Manchester United in Rally
('TEAM004', 'EVENT043'),  -- Manchester City in Karting
('TEAM005', 'EVENT044'),  -- Liverpool in NASCAR
('TEAM006', 'EVENT045'),  -- Bayern in Archery
('TEAM007', 'EVENT046'),  -- Dortmund in Shooting
('TEAM008', 'EVENT047'),  -- PSG in Darts
('TEAM009', 'EVENT048'),  -- Juventus in Bowling
('TEAM010', 'EVENT049'),  -- AC Milan in Snooker
('TEAM011', 'EVENT050'),  -- Inter Milan in Rock Climbing
('TEAM012', 'EVENT051'),  -- Chelsea in Paragliding
('TEAM013', 'EVENT052'),  -- Arsenal in Skydiving
('TEAM014', 'EVENT053'),  -- Tottenham in Skateboarding
('TEAM015', 'EVENT054'),  -- Atletico in BMX

-- Team sports that naturally have teams
('TEAM001', 'EVENT067'),  -- Real Madrid in Karate (team kata)
('TEAM002', 'EVENT067'),  -- Barcelona in Karate
('TEAM003', 'EVENT068'),  -- Manchester United in Shot Put (team event)
('TEAM004', 'EVENT068'),  -- Manchester City in Shot Put
('TEAM005', 'EVENT069'),  -- Liverpool in Sailing
('TEAM006', 'EVENT069'),  -- Bayern in Sailing
('TEAM007', 'EVENT070'),  -- Dortmund in Snowboard Cross
('TEAM008', 'EVENT070'),  -- PSG in Snowboard Cross
('TEAM009', 'EVENT071'),  -- Juventus in Mixed Curling
('TEAM010', 'EVENT071'),  -- AC Milan in Mixed Curling
('TEAM011', 'EVENT072'),  -- Inter Milan in NASCAR
('TEAM012', 'EVENT072'),  -- Chelsea in NASCAR
('TEAM013', 'EVENT073'),  -- Arsenal in Snooker (team event)
('TEAM014', 'EVENT073'),  -- Tottenham in Snooker
('TEAM015', 'EVENT074'),  -- Atletico in BMX Freestyle

-- Final team assignments to reach good coverage
('TEAM001', 'EVENT076'),  -- Real Madrid in Fencing (team event)
('TEAM002', 'EVENT076'),  -- Barcelona in Fencing
('TEAM003', 'EVENT077'),  -- Manchester United in Surfing (team)
('TEAM004', 'EVENT077'),  -- Manchester City in Surfing
('TEAM005', 'EVENT079'),  -- Liverpool in Judo (team)
('TEAM006', 'EVENT079'),  -- Bayern in Judo
('TEAM007', 'EVENT080'),  -- Dortmund in Long Jump (team)
('TEAM008', 'EVENT080'),  -- PSG in Long Jump
('TEAM009', 'EVENT081'),  -- Juventus in Windsurfing
('TEAM010', 'EVENT081'),  -- AC Milan in Windsurfing
('TEAM011', 'EVENT083'),  -- Inter Milan in MMA (team)
('TEAM012', 'EVENT083'),  -- Chelsea in MMA
('TEAM013', 'EVENT084'),  -- Arsenal in Heptathlon (team)
('TEAM014', 'EVENT084'),  -- Tottenham in Heptathlon
('TEAM015', 'EVENT085');  -- Atletico in Cross-Country Skiing

INSERT INTO event_player (event, player) VALUES
-- Athletics events (individual sports)
('EVENT018', 'PLAYER001'), ('EVENT018', 'PLAYER002'), ('EVENT018', 'PLAYER003'), -- Sprinting
('EVENT019', 'PLAYER004'), ('EVENT019', 'PLAYER005'), ('EVENT019', 'PLAYER006'), -- Marathon
('EVENT020', 'PLAYER007'), ('EVENT020', 'PLAYER008'), ('EVENT020', 'PLAYER009'), -- High Jump
('EVENT021', 'PLAYER010'), ('EVENT021', 'PLAYER011'), ('EVENT021', 'PLAYER012'), -- Long Jump
('EVENT022', 'PLAYER013'), ('EVENT022', 'PLAYER014'), ('EVENT022', 'PLAYER015'), -- Shot Put
('EVENT023', 'PLAYER016'), ('EVENT023', 'PLAYER017'), ('EVENT023', 'PLAYER018'), -- Javelin
('EVENT024', 'PLAYER019'), ('EVENT024', 'PLAYER020'), ('EVENT024', 'PLAYER021'), -- Decathlon
('EVENT059', 'PLAYER022'), ('EVENT059', 'PLAYER023'), ('EVENT059', 'PLAYER024'), -- Boston Marathon
('EVENT068', 'PLAYER025'), ('EVENT068', 'PLAYER026'), ('EVENT068', 'PLAYER027'), -- Indoor Shot Put
('EVENT080', 'PLAYER028'), ('EVENT080', 'PLAYER029'), ('EVENT080', 'PLAYER030'), -- Indoor Long Jump
('EVENT084', 'PLAYER001'), ('EVENT084', 'PLAYER002'), ('EVENT084', 'PLAYER003'), -- Heptathlon
('EVENT093', 'PLAYER004'), ('EVENT093', 'PLAYER005'), ('EVENT093', 'PLAYER006'), -- 400m Hurdles
('EVENT100', 'PLAYER007'), ('EVENT100', 'PLAYER008'), ('EVENT100', 'PLAYER009'), -- High Jump Final

-- Swimming events (individual)
('EVENT025', 'PLAYER010'), ('EVENT025', 'PLAYER011'), ('EVENT025', 'PLAYER012'), -- 100m Freestyle
('EVENT060', 'PLAYER013'), ('EVENT060', 'PLAYER014'), ('EVENT060', 'PLAYER015'), -- 200m Butterfly

-- Diving events (individual)
('EVENT026', 'PLAYER016'), ('EVENT026', 'PLAYER017'), ('EVENT026', 'PLAYER018'), -- Platform Diving
('EVENT094', 'PLAYER019'), ('EVENT094', 'PLAYER020'), ('EVENT094', 'PLAYER021'), -- Synchronized Diving

-- Surfing events (individual)
('EVENT028', 'PLAYER022'), ('EVENT028', 'PLAYER023'), ('EVENT028', 'PLAYER024'), -- WSL Championship
('EVENT077', 'PLAYER025'), ('EVENT077', 'PLAYER026'), ('EVENT077', 'PLAYER027'), -- Big Wave Surfing

-- Sailing events (individual/team mix)
('EVENT029', 'PLAYER028'), ('EVENT029', 'PLAYER029'), ('EVENT029', 'PLAYER030'), -- America's Cup
('EVENT069', 'PLAYER001'), ('EVENT069', 'PLAYER002'), ('EVENT069', 'PLAYER003'), -- 49er Sailing

-- Rowing events (individual/team)
('EVENT030', 'PLAYER004'), ('EVENT030', 'PLAYER005'), ('EVENT030', 'PLAYER006'), -- World Cup Final

-- Canoeing events (individual)
('EVENT031', 'PLAYER007'), ('EVENT031', 'PLAYER008'), ('EVENT031', 'PLAYER009'), -- Sprint Canoeing
('EVENT061', 'PLAYER010'), ('EVENT061', 'PLAYER011'), ('EVENT061', 'PLAYER012'), -- Whitewater Canoeing

-- Windsurfing events (individual)
('EVENT032', 'PLAYER013'), ('EVENT032', 'PLAYER014'), ('EVENT032', 'PLAYER015'), -- World Series
('EVENT081', 'PLAYER016'), ('EVENT081', 'PLAYER017'), ('EVENT081', 'PLAYER018'), -- Speed Competition

-- Winter Sports: Skiing (individual)
('EVENT033', 'PLAYER019'), ('EVENT033', 'PLAYER020'), ('EVENT033', 'PLAYER021'), -- Alpine Skiing
('EVENT085', 'PLAYER022'), ('EVENT085', 'PLAYER023'), ('EVENT085', 'PLAYER024'), -- Cross-Country Skiing

-- Snowboarding (individual)
('EVENT034', 'PLAYER025'), ('EVENT034', 'PLAYER026'), ('EVENT034', 'PLAYER027'), -- Halfpipe
('EVENT070', 'PLAYER028'), ('EVENT070', 'PLAYER029'), ('EVENT070', 'PLAYER030'), -- Snowboard Cross

-- Figure Skating (individual)
('EVENT036', 'PLAYER001'), ('EVENT036', 'PLAYER002'), ('EVENT036', 'PLAYER003'), -- Grand Prix
('EVENT062', 'PLAYER004'), ('EVENT062', 'PLAYER005'), ('EVENT062', 'PLAYER006'), -- Ice Dancing

-- Speed Skating (individual)
('EVENT037', 'PLAYER007'), ('EVENT037', 'PLAYER008'), ('EVENT037', 'PLAYER009'), -- World Championship
('EVENT095', 'PLAYER010'), ('EVENT095', 'PLAYER011'), ('EVENT095', 'PLAYER012'), -- Short Track

-- Bobsleigh (team/individual mix)
('EVENT038', 'PLAYER013'), ('EVENT038', 'PLAYER014'), ('EVENT038', 'PLAYER015'), -- World Cup
('EVENT086', 'PLAYER016'), ('EVENT086', 'PLAYER017'), ('EVENT086', 'PLAYER018'), -- 4-Man Bobsleigh

-- Motor Sports (individual)
('EVENT040', 'PLAYER019'), ('EVENT040', 'PLAYER020'), ('EVENT040', 'PLAYER021'), -- Formula 1
('EVENT041', 'PLAYER022'), ('EVENT041', 'PLAYER023'), ('EVENT041', 'PLAYER024'), -- MotoGP
('EVENT042', 'PLAYER025'), ('EVENT042', 'PLAYER026'), ('EVENT042', 'PLAYER027'), -- Rally Racing
('EVENT043', 'PLAYER028'), ('EVENT043', 'PLAYER029'), ('EVENT043', 'PLAYER030'), -- Karting
('EVENT044', 'PLAYER001'), ('EVENT044', 'PLAYER002'), ('EVENT044', 'PLAYER003'), -- NASCAR
('EVENT063', 'PLAYER004'), ('EVENT063', 'PLAYER005'), ('EVENT063', 'PLAYER006'), -- MotoGP British
('EVENT072', 'PLAYER007'), ('EVENT072', 'PLAYER008'), ('EVENT072', 'PLAYER009'), -- NASCAR Talladega
('EVENT087', 'PLAYER010'), ('EVENT087', 'PLAYER011'), ('EVENT087', 'PLAYER012'), -- Karting Endurance
('EVENT096', 'PLAYER013'), ('EVENT096', 'PLAYER014'), ('EVENT096', 'PLAYER015'), -- Rally Sweden

-- Precision Sports (individual)
('EVENT045', 'PLAYER016'), ('EVENT045', 'PLAYER017'), ('EVENT045', 'PLAYER018'), -- Archery
('EVENT046', 'PLAYER019'), ('EVENT046', 'PLAYER020'), ('EVENT046', 'PLAYER021'), -- Shooting
('EVENT047', 'PLAYER022'), ('EVENT047', 'PLAYER023'), ('EVENT047', 'PLAYER024'), -- Darts
('EVENT048', 'PLAYER025'), ('EVENT048', 'PLAYER026'), ('EVENT048', 'PLAYER027'), -- Bowling
('EVENT049', 'PLAYER028'), ('EVENT049', 'PLAYER029'), ('EVENT049', 'PLAYER030'), -- Snooker
('EVENT064', 'PLAYER001'), ('EVENT064', 'PLAYER002'), ('EVENT064', 'PLAYER003'), -- Trap Shooting
('EVENT073', 'PLAYER004'), ('EVENT073', 'PLAYER005'), ('EVENT073', 'PLAYER006'), -- Snooker UK
('EVENT088', 'PLAYER007'), ('EVENT088', 'PLAYER008'), ('EVENT088', 'PLAYER009'), -- Bowling Finals
('EVENT097', 'PLAYER010'), ('EVENT097', 'PLAYER011'), ('EVENT097', 'PLAYER012'), -- Darts Premier

-- Adventure Sports (individual)
('EVENT050', 'PLAYER013'), ('EVENT050', 'PLAYER014'), ('EVENT050', 'PLAYER015'), -- Rock Climbing
('EVENT051', 'PLAYER016'), ('EVENT051', 'PLAYER017'), ('EVENT051', 'PLAYER018'), -- Paragliding
('EVENT052', 'PLAYER019'), ('EVENT052', 'PLAYER020'), ('EVENT052', 'PLAYER021'), -- Skydiving
('EVENT053', 'PLAYER022'), ('EVENT053', 'PLAYER023'), ('EVENT053', 'PLAYER024'), -- Skateboarding
('EVENT054', 'PLAYER025'), ('EVENT054', 'PLAYER026'), ('EVENT054', 'PLAYER027'), -- BMX
('EVENT055', 'PLAYER028'), ('EVENT055', 'PLAYER029'), ('EVENT055', 'PLAYER030'), -- Mountain Biking
('EVENT065', 'PLAYER001'), ('EVENT065', 'PLAYER002'), ('EVENT065', 'PLAYER003'), -- Hang Gliding
('EVENT074', 'PLAYER004'), ('EVENT074', 'PLAYER005'), ('EVENT074', 'PLAYER006'), -- BMX Freestyle
('EVENT089', 'PLAYER007'), ('EVENT089', 'PLAYER008'), ('EVENT089', 'PLAYER009'), -- Skateboarding Vert
('EVENT090', 'PLAYER010'), ('EVENT090', 'PLAYER011'), ('EVENT090', 'PLAYER012'), -- Mountain Bike Enduro
('EVENT098', 'PLAYER013'), ('EVENT098', 'PLAYER014'), ('EVENT098', 'PLAYER015'); -- Formation Skydiving